0.837491,0.0172,1.481,4.60853,,,2130,1.06,0.91,
45.2946,,,7.37,,,,1.09,1.02,
6.88705,,1.32,7.34,,,,1.49,1.08,6.46
12.8159,,2.2,7.05,,,,1.49,1.08,6.46
35.3331,,1.61,3,,,,1.49,1.08,6.46
120.0181272,,4.76,,,,,1.51,1.4,1.26
14.30511983,,3.15,,,,,0.88,0.9,4.68
9.18186,,1.578,,,,,0.84,0.93,
4.33642933,,1.71,,,,,1.57,1.22,4.07
3.55485691,,1.78,,,,,1.17,1.11,3.16
5.28789787,,6.28,,,,,3.39,1.11,7.76
6.49801525,,1.5,,,,,1.06,1,6.17
19.76172042,,1.54,,,,,0.74,0.78,4.27
5.18500207,,1.44,,,,,0.7,0.73,4.17
12.43931193,,1.28,,,,,0.78,0.81,6.76
11.35011917,,2.17,,,,,0.57,0.59,3.16
3.4876812,0.0474,5.77,51.1,0.086,,1513,1.56,1.17,5.9
6.02976,0.0684,1.25,3.78,0,,1413,1.56,1.17,5.9
34.2685705,,2.32,,,,,0.82,0.86,4.79
5.75322197,,2.87,,,,,0.88,0.91,4.47
5.50860439,,1.29,,,,,0.91,0.95,3.72
18.93054959,,2.15,,,,,0.76,0.81,4.27
16.57110363,,2.39,,,,,0.84,0.88,4.79
16.00494214,,3.55,,,,,1.81,1.49,1.58
1.95452434,,2.18,,,,,1,0.99,3.89
105.6551369,,3.68,,,,,1,0.99,3.89
7.23400469,,1.99,,,,,0.87,0.93,2.95
49.1013514,,2.58,,,,,0.88,0.91,4.47
1.41122985,,1.46,,,,,0.67,0.7,3.55
5.28696,,0.47,4.3,,,,0.74,0.8,1.41
7.07142,,0.58,3,,,,0.74,0.8,1.41
10.3117,,1.18,3.8,,,,0.74,0.8,1.41
16.1457,,2.22,8.93,,,,0.74,0.8,1.41
27.4536,,0.88,5.2,,,,0.74,0.8,1.41
96.9151496,,2.28,,,,,0.8,0.87,3.63
13.47469571,,2.33,,,,,0.86,0.89,4.68
10.99469878,,2.36,,,,,0.68,0.71,3.63
62.1387714,,2.63,,,,,0.89,0.93,4.47
66.4162133,,3.91,,,,,0.78,0.81,5.25
37.3229493,,1.98,,,,,1.13,1.09,3.31
36.5156053,,2.21,,,,,0.75,0.79,4.57
1.9078052,,0.89,,,,,0.82,0.91,1.41
2.51462432,,1.33,,,,,0.87,0.9,4.68
4.41769648,,1.26,,,,,0.77,0.82,4.07
15.9654,,3.37,9.7,,,,1.44,1.09,5.7
179.612,,5.14,36.1,,,,1.44,1.09,5.7
19.32952416,,2.48,,,,,0.76,0.8,4.37
1.22621732,,0.87,,,,,1.12,1.09,3.39
3.29011795,,1.87,,,,,0.71,0.77,1.86
7.56052806,,2.51,,,,,0.92,0.94,5.01
12.12400943,,2.26,,,,,0.8,0.83,4.79
2.71407755,,1.17,,,,,0.97,0.98,4.47
122.8808058,,3.01,,,,,0.89,0.95,3.24
1.06378867,,1.28,,,,,0.78,0.82,5.13
148.4603382,,3.53,,,,,0.83,0.87,4.27
0.93488424,,1.46,,,,,0.74,0.79,4.37
11.427548,0.094,3.1,,,,,1.35,,
23.668205,0.153,3.13,,,,,1.35,,
51.755394,0.257,3.58,,,,,1.35,,
201.1214,,2.08,,,,,0.96,0.98,4.17
24.7576421,,2.94,,,,,1.08,1.06,3.55
10.13202575,,2.19,,,,,0.72,0.75,4.79
38.5053398,,2.55,,,,,0.9,0.92,4.47
6.77408868,,2.67,,,,,1.11,1.08,3.55
26.41045478,,2.69,,,,,0.82,0.86,4.47
14.37508035,,1.71,,,,,1.04,1.04,3.63
56.1886887,,2.09,,,,,1.13,1.08,4.47
3.18897601,,0.99,,,,,1.13,1.08,4.47
6.92101021,,1.61,,,,,0.7,0.75,3.98
3.27346074,,0.95,,,,,0.49,0.51,3.8
5.4122,0.066,4.81,,0.47,,1418,1.58,1.28,
7.1262,,1.31,4.6,,161,,0.89,0.96,
15.3787546,,1.6,,,,,1.13,1.09,3.55
21.1284569,,1.48,,,,,1.13,1.09,3.55
25.96200249,,3.4,,,,,1.73,1.43,1.74
34.8538276,,2.93,,,,,1.03,1.03,3.55
2.41435165,,0.98,,,,,0.69,0.74,3.09
4.30655689,,2.63,,,,,1.34,1.22,2.82
2.29503623,,1.23,,,,,0.94,0.98,3.09
27.495606,,3.01,,,,,1.2,1.12,2.95
14.08827448,,3.36,,,,,1.1,1.07,3.09
110.96546,,2.72,,,,,0.69,0.73,3.39
3.76419105,,1.73,,,,,0.72,0.75,5.37
6.16486,,0.82,5.3,,,,1.04,1,4.83
13.5708,,2.5,10.44,,,,1.04,1,4.83
23.9802,,0.95,8.1,,,,1.04,1,4.83
43.8445,,2.56,11.17,,,,1.04,1,4.83
46.8779367,,2.38,,,,,0.99,0.99,4.27
2.75798267,,1.98,,,,,1.07,1.09,2.14
9.30412078,,1.76,,,,,0.7,0.75,2.45
14.07971466,,1.49,,,,,1.14,1.09,3.39
16.54080322,,1.55,,,,,0.79,0.85,3.89
3.60930891,,3.73,,,,,0.93,0.94,4.47
2.37030743,,1.6,,,,,0.93,0.94,4.47
1.93155984,,2.36,,,,,0.98,0.98,3.8
0.76212926,,0.8,,,,,0.93,0.95,4.79
16.92344113,,3.63,,,,,1.01,1.01,4.17
23.8990296,,1.6,,,,,0.98,0.99,4.37
3.1800218,0.04544,1.536,3.51,0,,1593,1.45,1.24,4.29
4.901452,0.06064,1.597,9.39,0,,1379,1.45,1.24,4.29
7.95839,0.08377,0.86,3.8,0,,1173,1.45,1.24,4.29
14.749143,0.12639,2.903,8.6,0,,955,1.45,1.24,4.29
6.2216147,,1.73,,,,,1.32,1.21,2.75
6.1799844,,2.38,,,,,0.81,0.86,4.27
1.5690665,,1.58,,,,,1.32,1.2,2.88
8.67888593,,2.3,,,,,1,1,3.72
4.02582254,,1.64,,,,,1,1,3.72
5.94566534,,1.25,,,,,0.57,0.6,3.55
1.52372816,,1.42,,,,,0.54,0.56,2.95
6.14727918,,0.8,,,,,0.74,0.79,3.72
34.3511874,,2.77,,,,,1.02,1.02,4.17
3.00725242,,1.9,,,,,0.92,0.94,4.37
13.24503188,,1.63,,,,,1.36,1.08,6.61
49.183921,0.292,8.65,,,,,2.19,,
190.323494,0.721,8.18,,,,,2.19,,
77.2548396,,3.28,,,,,1.16,1.1,3.89
3.85691855,,1.01,,,,,0.84,0.88,4.68
1.5432066,,1.12,,,,,1.14,1.03,5.75
33.4177993,,3.36,,,,,0.77,0.81,4.68
2.05333679,,1.11,,,,,1.28,1.12,4.07
219.3217528,,7.22,,,,,1.14,1.11,3.39
56.7771,,3.268,,,,,1.08,1.05,
18.78425728,,2.44,,,,,0.66,0.7,2.88
161.5163345,,2.94,,,,,0.66,0.7,2.88
0.69384285,,0.61,,,,,0.94,0.96,3.55
23.12748644,,1.42,,,,,1.08,1.08,3.02
5.13248562,,1.83,,,,,0.49,0.52,3.72
6.48163,,2.37,7.3,,,,1.32,1.04,5.73
21.2227,,2.52,21.8,,,,1.32,1.04,5.73
198.680179,,2.25,,,,,0.82,0.86,4.37
1.43474156,,1.46,,,,,1.03,1.01,3.47
58.6017925,,2.07,,,,,1,0.99,3.8
25.0824626,,1.95,,,,,1.2,1.13,2.95
89.722292,,1.96,,,,,1.2,1.13,2.95
78.1000231,,3.18,,,,,1.21,1.14,3.09
4.27103091,,1.21,,,,,0.92,0.94,4.47
2.89221751,,1.24,,,,,0.63,0.66,3.8
187.747029,,3.26,,,,,0.79,0.82,4.9
2.54307286,,1.3,,,,,0.99,0.99,3.98
2.16845259,,2.83,,,,,1,1.01,3.63
10.3039,0.091,1.8,1.9,0.045,,,1.06,0.96,8.5
13.0241,0.107,2.87,2.9,0.026,,,1.06,0.96,8.5
22.6845,0.155,3.12,7.3,0.004,,,1.06,0.96,8.5
31.9996,0.195,4.19,8,0.012,,,1.06,0.96,8.5
46.6888,0.25,2.49,2,0.013,,,1.06,0.96,8.5
118.3807,0.466,3.33,25,0.15,,,1.06,0.96,8.5
12.691112,0.107,1.83,,,,,1.15,,
31.719775,0.198,2.21,,,,,1.15,,
6.42200058,,1.75,,,,,1.34,1.21,2.69
81.3151059,,2.47,,,,,0.91,0.94,4.27
51.3285623,,2.66,,,,,0.94,0.96,4.37
19.79191978,,2.27,,,,,1.15,1.11,3.31
5.03728015,,1.23,,,,,1.41,1.3,2.04
4.42157218,,2.01,,,,,0.68,0.71,8.71
1.25275217,,1.65,,,,,1.17,1.11,3.09
0.57103852,,1.34,,,,,0.82,0.86,4.47
4.51005748,,1.46,,,,,0.84,0.88,4.17
37.6467384,,2.19,,,,,1.06,1.05,3.8
3.341815,0.046,1.58,,,,,1.16,,
224.784608,0.761,7.3,,,,,1.16,,
9.69312032,,2.66,,,,,0.7,0.73,4.79
8.79617863,,2,,,,,1.15,1.1,3.16
14.36267939,,3.02,,,,,1.54,1.34,2.09
42.3004954,,2.81,,,,,1.17,1.12,3.55
14.97435694,,1.35,,,,,0.83,0.87,4.27
23.5540725,,1.7,,,,,1.73,1.6,1.12
41.6977827,,2.54,,,,,0.93,0.95,4.9
4.79028459,,1.11,,,,,0.93,0.95,4.27
38.6715075,,2.74,,,,,0.97,0.96,4.07
8.3265153,,1.92,,,,,1.17,1.11,3.09
8.408878,0.076,2.36,,,,,0.84,,
28.574263,0.172,2.4,,,,,0.84,,
2.94902905,,1.38,,,,,0.74,0.78,4.68
13.15141081,,1.91,,,,,1.59,1.29,3.02
42.1917357,,2.04,,,,,0.89,0.92,4.68
4.33946454,,1.67,,,,,0.9,0.93,5.13
2.85234897,,1.28,,,,,0.34,0.35,3.39
17.6700642,,1.84,,,,,0.94,0.95,4.17
108.593329,,1.73,,,,,0.93,0.92,5.5
5.12330347,,1.96,,,,,0.95,0.97,4.37
61.6178167,,3.65,,,,,0.91,0.94,4.57
24.3397804,,2.96,,,,,1,1,4.07
76.5369586,,2.73,,,,,1,1,4.07
4.754,,1.82,11.7,,,,0.69,0.75,6.89
8.92507,,2.18,8.7,,,,0.69,0.75,6.89
5.45298175,,0.8,,,,,0.81,0.9,1.58
3.53232449,,1.59,,,,,1.04,1.03,4.17
62.8916228,,2.35,,,,,0.83,0.87,4.57
11.55562343,,1.97,,,,,0.9,0.93,4.07
17.13263989,,2.64,,,,,0.81,0.84,4.9
76.957857,,1.85,,,,,0.94,0.96,4.47
2.36172433,,1.64,,,,,0.68,0.72,3.24
23.9210791,,2.2,,,,,1.84,1.5,1.58
3.17060005,,1.7,,,,,0.92,0.95,4.37
0.81316672,,1.19,,,,,0.91,0.94,4.47
5.188549,0.053,1.26,,,,,0.67,,
8.041,,1.6,2.8,,,,0.54,0.56,
11.776,,2.53,3.9,,,,0.54,0.56,
24.0862707,,2.77,,,,,0.73,0.76,5.01
2.34451194,,0.82,,,,,1.07,1.01,6.17
18.3027248,,1.47,,,,,0.96,0.97,5.37
2.88890485,,1.67,,,,,0.77,0.81,4.79
210.630591,,3.6,,,,,0.77,0.81,4.79
17.14647302,,1.99,,,,,0.96,0.98,3.98
3.97076766,,1.4,,,,,0.75,0.79,4.79
2.3522658,,1.23,,,,,0.7,0.74,4.9
10.62784997,,2.61,,,,,1.14,1.09,3.8
1.10446351,,1.69,,,,,0.77,0.81,4.57
3.73089898,,1.44,,,,,1.01,1.02,3.98
2.403679,0.036,1.09,,,,,1.21,,
8.990889,0.087,2.6,,,,,1.21,,
2.78786839,,1.02,,,,,0.72,0.76,4.68
65.6478424,,2.22,,,,,0.85,0.88,4.37
1.64680191,,0.87,,,,,0.53,0.55,3.47
1.75583533,,1.73,,,,,0.88,0.91,4.57
5.1856142,,2.34,,,,,1.43,1.26,2.29
8.45808312,,2.36,,,,,1.43,1.26,2.29
33.469743,,2.03,,,,,1.03,1.03,3.72
11.89520511,,1.32,,,,,1,1,4.47
4.45743164,,1.09,,,,,0.71,0.76,3.39
13.5396293,,2.34,,,,,1.95,1.41,2.88
22.70816791,,2.37,,,,,1.28,1.19,2.75
5.968734,0.069,3.42,,,,,1.45,,
13.07163,0.116,2.3,,,,,1.45,,
7.97034958,,2.14,,,,,0.89,0.92,4.57
10.71252541,,2.13,,,,,0.57,0.59,3.39
32.5637069,,2.21,,,,,0.84,0.89,4.37
6.11786898,,1.03,,,,,1.35,1.22,2.88
3.97599768,,1.12,,,,,0.79,0.85,3.63
9.478522,,1.55,,,,,1.18,1.13,3.24
33.2406882,,1.69,,,,,0.86,0.9,4.9
1.00393374,,1.71,,,,,0.75,0.79,4.27
55.8226539,,2.5,,,,,0.82,0.87,4.27
6.11009134,,0.94,,,,,1.23,1.24,1.38
18.7959228,0.1445,8.059,29.875,0.0493,,984,1.61,1.13,5.3
50.790391,0.2804,12.341,584.78,0.0323,,704,1.61,1.13,5.3
9.98969327,,2.41,,,,,0.76,0.8,4.9
1.44259224,,2.56,,,,,1.95,1.58,1.35
26.0204423,,3.2,,,,,0.89,0.92,4.37
0.7698536,,0.89,,,,,0.82,0.86,4.79
6.89225223,,1.59,,,,,1.04,1.04,3.55
37.94563,,2.99,,,,,0.86,0.9,4.17
24.1738579,,2.45,,,,,1.02,1.01,3.8
106.247547,,1.9,,,,,0.97,0.98,4.47
31.80634,,1.07,,,,,0.75,0.8,4.68
2.68505749,,1.32,,,,,0.81,0.84,4.9
7.518496,0.073,1.96,,,,,1.09,,
20.17202,0.141,7.68,,,,,1.09,,
16.8601286,,1.99,,,,,1.14,1.09,3.09
4.89337519,,1.57,,,,,1.3,1.17,3.24
11.17394617,,2.41,,,,,1.05,1.04,3.39
28.5057189,,2.82,,,,,0.99,1,4.27
53.5991044,,2.68,,,,,1.07,1.05,3.55
104.3518976,,1.33,,,,,0.87,0.96,1.55
16.07677615,,2.23,,,,,0.93,0.95,4.47
18.87064068,,2.61,,,,,1.09,1.06,3.39
17.1369543,,2.08,,,,,1.06,1.04,4.17
3.78858982,,1.77,,,,,1.16,1.11,3.39
2.422082,0.035,3.6,,,,,0.84,,
4.125103,0.049,0.92,,,,,0.84,,
10.45843441,,1.33,,,,,0.72,0.76,3.98
5.60014851,,1.51,,,,,0.81,0.85,4.57
25.2034787,,2.36,,,,,0.83,0.86,4.47
2.83265213,,1.32,,,,,1.21,1.08,5.01
16.22371307,,1.51,,,,,0.92,0.94,4.79
8.49642241,,2.08,,,,,0.71,0.74,4.47
66.1849031,,2.23,,,,,0.97,0.98,3.98
2.03231845,,1.25,,,,,0.72,0.78,2.69
7.6847716,,1.47,,,,,0.9,0.93,4.68
15.0447198,,1.15,,,,,1.17,0.94,7.76
4.4379629,0.0553,19.661,137.30256,,,1480,1.48,1.17,
6.312501,0.055,2.15,,,,,0.53,,
12.794585,0.088,1.53,,,,,0.53,,
1.11854972,,1.06,,,,,0.7,0.74,3.02
15.18725932,,2.29,,,,,1.24,1.15,2.95
28.6851324,,2.94,,,,,1.04,1.03,4.17
0.58800076,,1.06,,,,,0.61,0.64,3.47
85.7350285,,3.05,,,,,1.03,1.03,4.27
1.07839035,,1.41,,,,,0.81,0.84,4.9
1.21699766,,1.64,,,,,0.75,0.8,3.55
13.68237119,,1.62,,,,,1.06,1.06,3.63
11.08507637,,2.32,,,,,0.76,0.8,4.47
25.369116,,1.51,,,,,1.38,1.23,3.09
3.177422,0.039,2.34,,,,,0.7,,
41.008011,0.216,2.27,,,,,0.7,,
8.07124073,,1.7,,,,,0.92,0.94,5.13
11.01816836,,2.55,,,,,0.94,0.96,4.17
12.94130146,,2.14,,,,,1.15,1.1,3.24
5.34982412,,1.19,,,,,1.21,1.14,3.47
18.82634264,,2.36,,,,,0.8,0.85,4.68
4.76703963,,1.22,,,,,0.93,0.95,4.79
4.37034536,,1.39,,,,,0.98,0.99,4.07
2.03232507,,1.99,,,,,1.08,1.06,3.8
22.9221266,,1.44,,,,,1.1,1.06,3.8
16.10467749,,2.12,,,,,1.94,1.25,4.37
5.766193,0.064,2.34,,,,,1.22,,
12.465988,0.108,5.87,,,,,1.22,,
21.587475,0.155,2.2,,,,,1.22,,
37.993273,0.227,2.6,,,,,1.22,,
56.268,,1.75,36,,,,0.95,1.03,
7.42693741,,1.52,,,,,0.99,1,3.63
12.00096042,,1.88,,,,,0.82,0.87,4.57
1.91694425,,0.79,,,,,0.8,0.84,4.37
16.301259,,1.22,,,,,0.75,0.8,3.63
13.32351601,,1.33,,,,,1.22,1.18,2.34
7.01075434,,1.82,,,,,1.19,1.13,3.02
17.2923453,,1.45,,,,,1.02,1.02,3.72
94.2887577,,2.29,,,,,0.95,0.97,4.17
0.57736958,,1.54,,,,,0.74,0.78,5.13
86.828989,,1.4,,,,,0.51,0.54,3.72
17.232366,0.135,2.94,,,,,1.26,,
26.695074,0.181,1.48,,,,,1.26,,
9.95661537,,2.71,,,,,1.08,1.06,3.47
10.41725184,,1.42,,,,,1,1.01,4.17
26.7839183,,1.93,,,,,0.89,0.92,4.79
45.1263042,,2.6,,,,,1.25,1.16,2.88
11.94014029,,2.81,,,,,0.76,0.8,4.37
4.16055856,,0.79,,,,,0.9,0.93,4.57
31.0571618,,2.14,,,,,0.82,0.86,4.07
84.5733226,,2.86,,,,,0.9,0.94,4.57
4.14787559,,1.93,,,,,1.48,1.3,2.14
5.19104016,,2.9,,,,,1.57,1.4,1.62
3.410493,0.039,0.73,,,,,0.64,,
13.821375,0.1,1.75,,,,,0.64,,
30.950851,0.17,1.11,,,,,0.64,,
4.8663815,,1.15,,,,,0.96,0.98,4.07
18.5525701,,2.63,,,,,0.8,0.84,4.68
13.62798432,,2.26,,,,,0.74,0.77,5.62
16.8320729,,1.75,,,,,0.94,0.96,4.37
3.70428172,,1.35,,,,,1.77,1.46,1.7
4.35409304,,1.44,,,,,0.83,0.86,4.57
2.93658468,,1.44,,,,,0.83,0.86,4.57
11.32271513,,1.36,,,,,0.69,0.73,3.89
13.71220213,,2.33,,,,,0.82,0.86,4.68
7.46725407,,1.18,,,,,1.21,1.21,1.51
24.3347127,,2.38,,,,,1.28,1.19,2.82
4.164389,0.041,2.37,,,,,0.51,,
5.774464,0.051,0.74,,,,,0.51,,
2.60754383,,1.92,,,,,0.98,0.99,4.57
45.0904643,,1.84,,,,,0.89,0.92,4.79
15.0540329,,1.67,,,,,1.09,1.06,3.89
68.8861915,,1.33,,,,,1.1,0.97,7.08
9.99113313,,1.55,,,,,0.75,0.78,5.62
3.60084276,,1.3,,,,,0.75,0.78,5.62
5.72717226,,1.31,,,,,0.75,0.78,5.62
36.2919336,,2.32,,,,,1.12,1.08,3.55
12.4127754,,1.49,,,,,1.36,1.17,3.72
2.66831376,,1.52,,,,,0.87,0.9,4.37
0.98494017,,0.86,,,,,0.99,0.99,3.89
0.66308526,,1.43,,,,,0.77,0.8,5.25
10.495711,0.099,1.52,,,,,1.36,,
21.869741,0.162,1.58,,,,,1.36,,
100.283134,0.448,2.5,,,,,1.36,,
19.1187753,,1.77,,,,,1.08,1.06,3.8
48.4308991,,2.26,,,,,0.77,0.82,4.47
8.67900242,,1.82,,,,,0.98,0.99,4.27
4.55139967,,1.14,,,,,0.8,0.84,4.9
0.96852602,,1.18,,,,,0.98,0.99,4.17
6.49441289,,1.35,,,,,0.69,0.71,5.25
28.474748,,2.58,,,,,0.76,0.8,5.13
13.0313945,,3.01,,,,,1.2,1.15,3.24
40.9903986,,2.03,,,,,1.09,1.06,4.27
37.3331536,,1.63,,,,,1.15,1.1,3.55
14.435889,0.125,1.4,,,,,1.36,,
29.393195,0.2,2.66,,,,,1.36,,
48.630408,0.28,2.64,,,,,1.36,,
6.03356196,,3.32,,,,,3.38,1.28,4.37
3.0255955,,1.48,,,,,1.23,1.13,3.63
51.1309704,,2.37,,,,,1.09,1.06,3.89
28.625653,,2.49,,,,,0.91,0.94,4.47
6.98152703,,1.42,,,,,2.17,1.45,2.88
3.65691115,,1.48,,,,,1.36,1.23,2.51
12.5720095,,1.19,,,,,1.21,1.14,3.09
40.8365012,,1.6,,,,,0.92,0.94,5.01
3.23941344,,1.01,,,,,1.16,1.11,3.31
23.4774101,,1.75,,,,,1.33,1.21,2.82
15.09,,1.43,0.77,,,,1.61,1.09,
22.804,,1.34,0.9,,,,1.61,1.09,
66.5579057,,1.87,,,,,1.32,1.2,2.82
3.11602791,,1.64,,,,,0.83,0.87,4.37
2.13194651,,1.55,,,,,0.89,0.92,4.57
12.9460978,,1.91,,,,,1.25,1.16,2.88
0.66407381,,1.21,,,,,0.79,0.84,4.47
14.7967458,,0.97,,,,,1.28,1.2,2.75
11.25402929,,2.15,,,,,0.98,1,4.17
11.47685909,,1.54,,,,,0.94,0.96,4.07
2.76122421,,1.12,,,,,1.29,1.2,2.88
7.99019627,,1.52,,,,,1.17,1.1,2.95
15.79186,0.131,2.37,,,,,1.64,,
82.20017,0.393,2.55,,,,,1.64,,
4.69500134,,1.42,,,,,0.93,0.95,4.07
8.63043276,,1.66,,,,,0.8,0.84,4.9
3.27646405,,1.82,,,,,0.93,0.95,4.68
5.57654784,,0.97,,,,,1.28,1.18,2.82
115.6862258,,3.19,,,,,0.97,0.99,3.98
3.81371974,,1.55,,,,,0.89,0.92,4.68
8.3839865,,0.91,,,,,0.83,0.87,4.17
1.68189002,,0.97,,,,,0.99,0.99,4.17
7.12811928,,1.31,,,,,2,1.45,2.57
19.9400874,,2.98,,,,,0.91,0.94,4.37
8.457458,0.079,1.02,,,,,1.13,,
27.50868,0.178,2.9,,0,,683,1.17,1,
87.517905,0.377,1.64,,,,,1.13,,
22.2419092,,1.37,,,,,1.79,1.29,3.55
9.08237046,,1.4,,,,,0.81,0.85,4.9
8.83922659,,1.43,,,,,0.82,0.86,4.68
7.56127224,,1.42,,,,,1,1.01,4.47
16.1288853,,2.29,,,,,0.81,0.85,4.68
13.5630972,,1.88,,,,,0.96,0.97,4.37
16.29595382,,1.91,,,,,0.97,0.98,4.57
18.01621096,,2.47,,,,,1.08,1.06,4.07
2.10433812,,0.52,,,,,0.34,0.35,3.72
28.8432647,,2.37,,,,,0.8,0.85,4.27
16.092,,2.41,16.13,,,,1.03,1.02,3.66
25.5169,,0.84,8.25,,,,1.03,1.02,3.66
0.67933627,,1.44,,,,,0.88,0.91,4.17
11.1726994,,1.24,,,,,1.4,1.05,7.59
2.53573424,,1.22,,,,,1.4,1.05,7.59
5.44832529,,2.1,,,,,0.92,0.99,2
3.83309118,,1.76,,,,,0.85,0.92,2.69
5.42474928,,5.11,,,,,0.59,0.6,6.03
0.84338011,,1.38,,,,,0.75,0.8,3.47
87.9732136,,3.54,,,,,1.12,1.04,5.13
0.56887443,,1.56,,,,,0.79,0.83,4.79
213.257663,,3.11,,,,,0.7,0.73,4.57
2.88676265,,1.34,,,,,0.54,0.56,5.37
6.178196,0.067,1.21,,,,,1.18,,
6.414914,0.068,1.28,,,,,1.18,,
18.010199,0.136,1.55,,,,,1.18,,
110.2869374,,1.18,,,,,1.1,1.03,4.37
0.86838653,,1.7,,,,,0.74,0.8,3.16
11.12830484,,4.92,,,,,0.53,0.54,4.17
2.22649109,,2.4,,,,,0.53,0.54,4.17
0.96286738,,1.61,,,,,0.87,0.9,4.47
0.92990668,,1.52,,,,,1.4,1.18,3.55
4.11584468,,1.51,,,,,0.73,0.78,2.88
33.8786838,,2.86,,,,,0.91,0.93,4.79
42.3514267,,4.18,,,,,1.74,1.45,1.7
14.88801098,,1.8,,,,,1.03,1.02,4.07
4.52158888,,0.98,,,,,0.99,1,4.57
9.33646594,,2.17,,,,,0.69,0.72,5.62
8.129976,0.083,1.76,,,,,1.43,,
31.517586,0.204,2.84,,,,,1.43,,
10.10769068,,1.65,,,,,0.94,0.97,4.9
0.78916165,,1.05,,,,,0.69,0.72,4.17
11.87456832,,1.37,,,,,0.9,0.95,3.24
109.6471842,,2.81,,,,,0.92,0.94,4.57
15.64591713,,2.29,,,,,0.91,0.94,4.27
6.26406846,,1.45,,,,,0.74,0.77,4.9
23.198681,,1.98,,,,,1.3,0.94,12.3
5.77721211,,1.71,,,,,1.3,0.94,12.3
24.4002549,,2.41,,,,,0.67,0.7,4.27
0.93511806,,0.92,,,,,1.05,1.04,3.8
1.34155513,,0.71,,,,,0.93,0.94,5.62
5.317429,0.06,2,,,,,1.18,,
10.105785,0.092,1.26,,,,,1.18,,
0.66502692,,1.55,,,,,1.42,1.27,2.4
132.9968322,,2.99,,,,,0.72,0.79,1.82
2.21571036,,1.66,,,,,0.9,0.93,4.37
3.35183158,,1.93,,,,,0.93,0.95,3.98
4.7683049,,1.84,,,,,1.13,1.09,3.63
44.6169557,,2.36,,,,,1.55,1.32,2.24
3.40165668,,1.58,,,,,1.21,1.14,3.09
14.00947528,,1.03,,,,,0.79,0.82,5.62
27.5722742,,1.94,,,,,1.04,1.04,3.72
2.12823928,,0.7,,,,,1.28,1.16,2.88
6.00253,0.067,1.81,,,,,1.27,,
11.448708,0.103,1.16,,,,,1.27,,
4.4968604,,2.52,,,,,0.53,0.55,4.57
1.76678906,,1.73,,,,,0.53,0.55,4.57
0.91614077,,0.65,,,,,0.67,0.7,4.17
1.87788275,,0.89,,,,,1.16,1.11,3.16
24.7543966,,1.8,,,,,0.72,0.76,4.68
76.613377,,2.97,,,,,1.24,1.16,2.95
1.28958811,,1.46,,,,,0.83,0.88,4.27
0.63400294,,1.53,,,,,0.78,0.82,4.9
3.0091324,,1.28,,,,,0.9,0.93,4.57
7.06317341,,1.12,,,,,0.79,0.82,5.13
59.4970952,,2.83,,,,,0.72,0.78,2.34
11.5789,0.106,2.05,,,,,1.35,,
16.399235,0.133,1.99,,,,,1.35,,
40.5286413,,3.4,,,,,1.83,1.51,1.55
3.57554956,,0.86,,,,,0.79,0.83,4.9
136.205626,,2.6,,,,,0.74,0.8,3.09
2.94194094,,1.25,,,,,0.72,0.76,4.17
13.32196237,,2.15,,,,,1.79,1.49,1.58
7.69993485,,0.92,,,,,1.05,1,6.03
4.77468005,,0.8,,,,,1.05,1,6.03
2.16457097,,1.43,,,,,0.6,0.62,3.98
1.57409027,,0.92,,,,,0.6,0.62,3.89
0.67564949,,1.65,,,,,1.08,1.07,3.47
25.873148,,2.69,,,,,0.99,0.99,4.07
8.436387,0.077,1.47,,,,,0.8,,
18.735753,0.13,1.88,,,,,0.8,,
20.2641684,,1.84,,,,,1.29,1.19,2.88
7.44142113,,1.27,,,,,1.29,1.19,2.88
3.4462039,,0.73,,,,,0.83,0.87,4.37
2.00541269,,0.64,,,,,0.83,0.87,4.37
1.31155557,,1.27,,,,,0.97,0.98,5.01
1.29123275,,1.16,,,,,1.33,1.22,2.51
10.65276707,,2.29,,,,,0.81,0.85,4.47
3.3004192,,1.74,,,,,1.78,1.47,1.66
5.30880656,,1.05,,,,,0.97,0.98,4.68
0.74092842,,1.25,,,,,0.82,0.86,5.01
11.95398936,,2.2,,,,,0.67,0.7,6.46
0.88184115,,1.3,,,,,0.79,0.83,5.01
10.3126,,0.522,0.066,,6.81,,0.44,0.52,
13.7813,,1.197,1.97,,4.63,,0.44,0.52,
23.0881,,1.212,0.64,,2.32,,0.44,0.52,
10.3108245,,1.43,,,,,0.94,0.96,4.79
25.3842686,,2.25,,,,,0.94,0.96,4.07
16.3583055,,1.88,,,,,1.72,1.36,2.75
13.9093583,,1.41,,,,,1.44,1.26,2.24
15.36262753,,1.94,,,,,0.74,0.78,4.57
2.88879862,,0.85,,,,,1.29,1.15,4.37
6.73972381,,1.24,,,,,1.03,1.02,5.01
2.27952666,,0.93,,,,,0.77,0.82,4.37
12.2854603,,2.59,,,,,0.61,0.63,4.47
5.53608151,,2.26,,,,,0.61,0.63,4.47
20.9568158,,2.86,,,,,0.61,0.63,4.47
37.6327084,,2.46,,,,,0.61,0.63,4.47
99.2530951,,1.77,,,,,0.74,0.81,2.09
15.771044,0.127,2.94,,,,,1.3,,
157.072878,0.586,3.38,,,,,1.3,,
6.48021673,,1.18,,,,,0.98,0.98,4.47
54.4092333,,1.68,,,,,1.1,1.03,5.5
15.1410397,,1.96,,,,,0.85,0.88,4.68
2.44357812,,0.8,,,,,0.92,0.95,3.47
3.93766373,,1.39,,,,,2.55,1.64,1.91
3.78470649,,0.8,,,,,1.23,1.17,2.88
18.2206421,,2.07,,,,,1.27,1.18,2.75
47.449955,,1.72,,,,,1.12,1.09,3.55
2.78815679,,0.9,,,,,1.18,1.13,3.09
4.13827595,,1.03,,,,,1.18,1.13,3.09
1.63865306,,1.25,,,,,0.96,0.97,4.37
6.790123,,12.733,2669.66,0.035,,,2.05,1.51,2.2
3.25427,0.045,1.61,,,,,1.29,,
91.353282,0.414,1.8,,,,,1.29,,
9.06689421,,1.62,,,,,0.78,0.83,4.57
11.20066445,,1.68,,,,,1.1,1.07,3.55
2.03387914,,0.76,,,,,0.87,0.9,4.57
5.19492202,,2.14,,,,,1.15,1.11,3.31
15.9314739,,2.01,,,,,0.8,0.84,4.57
28.2274184,,3.96,,,,,1.07,1.05,3.63
11.62905828,,1.1,,,,,1.12,1.05,5.01
20.0711504,,2.25,,,,,1.15,1.1,3.24
2.99793191,,0.89,,,,,1.35,1.21,2.57
0.76486493,,1.04,,,,,0.79,0.83,4.79
3.107675,0.039,0.69,,,,,0.79,,
7.010606,0.067,1.41,,,,,0.79,,
60.866168,,1.78,,,,,0.6,0.63,4.07
86.1150888,,2.82,,,,,0.92,0.95,4.17
3.6146051,,0.83,,,,,1.27,1.06,6.31
13.1829642,,1.82,,,,,0.8,0.84,4.68
3.51576315,,1.23,,,,,0.75,0.8,4.68
0.63642408,,1.29,,,,,0.84,0.89,4.17
1.49514952,,0.88,,,,,1.15,1.09,2.95
20.3505213,,1,,,,,1.02,1.02,4.07
22.4764425,,1.66,,,,,0.72,0.77,3.63
42.5215895,,2.86,,,,,1.01,1.01,4.37
2.024152,0.032,1.99,,,,,1.27,,
4.761702,0.057,2.86,,,,,1.27,,
41.809118,0.242,2.16,,,,,1.27,,
6.69960006,,1.28,,,,,0.79,0.82,4.9
6.9131112,,0.93,,,,,1.42,1.25,2.75
18.6051942,,2.02,,,,,1.23,1.15,3.02
23.955378,,1.06,,,,,0.75,0.79,4.68
29.6091744,,1.16,,,,,1.07,1.02,5.25
14.4541302,,0.94,,,,,0.95,0.97,4.07
14.2563227,,1.56,,,,,1.02,1.02,4.07
0.96897238,,1.1,,,,,1.01,1.01,4.07
10.67607169,,1.64,,,,,1.36,1.28,2.04
4.48487493,,1.29,,,,,1.07,1.05,4.17
16.007583,0.127,2.41,,,,,1.36,,
27.082511,0.181,3.37,,,,,1.36,,
2.46050993,,1.18,,,,,0.72,0.77,2.09
5.86601526,,1.47,,,,,1.03,1.03,4.27
23.9109011,,2.22,,,,,1.13,1.09,3.47
4.13592271,,1.56,,,,,1.19,1.14,3.02
8.05333618,,1.11,,,,,2.04,1.47,2.57
4.45343281,,0.86,,,,,1.32,1.21,2.63
9.705716,,1.31,,,,,1.09,1.06,3.8
10.9295461,,1.37,,,,,0.9,0.93,4.57
2.31942009,,0.94,,,,,0.96,0.97,5.37
8.07392849,,1.46,,,,,0.43,0.46,4.07
5.885273,0.066,1.33,,,,,1.24,,
10.104665,0.094,1.35,,,,,1.24,,
39.859484,,1.26,,,,,0.96,0.98,4.47
39.4419839,,1.31,,,,,1,1,3.89
81.4162941,,3.93,,,,,1.44,1.34,1.7
2.41811321,,0.97,,,,,1.27,1.19,2.63
33.42035034,,2.18,,,,,1.05,1.03,4.79
10.60052251,,0.96,,,,,1.26,1.13,3.8
0.68996783,,0.82,,,,,0.75,0.81,2.63
56.6747285,,2.9,,,,,0.95,0.97,4.17
12.27065865,,1.61,,,,,0.93,0.95,3.55
13.2274528,,1.68,,,,,1.1,1.08,3.47
22.951,,2.65,37.1,,,,1.85,1.32,
42.882,,4.32,79.4,,,,1.85,1.32,
54.5094166,,1.71,,,,,0.68,0.71,4.37
35.622233,,3.35,,,,,0.99,1,4.17
42.913751,,2.7,,,,,2.06,1.41,3.24
47.1611696,,2.67,,,,,0.94,0.97,4.27
47.0319479,,1.88,,,,,0.86,0.9,4.57
49.276764,,2.16,,,,,0.6,0.62,4.17
18.1373829,,1.14,,,,,0.62,0.64,3.72
51.1110243,,1.99,,,,,1.01,1.01,3.72
47.9872764,,2.76,,,,,0.94,0.96,4.17
62.8691611,,1.36,,,,,0.74,0.78,3.89
31.158799,0.2,3.71,,,,,1.21,,
76.732171,0.364,3.13,,,,,1.21,,
29.9633247,,1.96,,,,,0.67,0.7,3.98
29.3494775,,2.03,,,,,0.74,0.79,3.24
65.6488341,,3.82,,,,,1,1,4.07
25.15864,,1.86,,,,,0.95,0.96,4.79
31.7785901,,1.66,,,,,1.01,1.02,3.89
5.32786292,,1,,,,,1.01,1.02,3.89
31.8277111,,1.77,,,,,0.71,0.75,3.72
31.1750448,,1.55,,,,,1.02,1.01,3.89
47.0569043,,3.3,,,,,0.82,0.86,4.37
8.23984869,,1.73,,,,,1.05,1.04,3.55
3.54553021,,1.15,,,,,1.05,1.04,3.55
21.8635301,,2.8,,,,,0.89,0.92,4.47
12.610584,0.113,1.53,,,,,1.47,,
33.416423,0.216,2.43,,,,,1.47,,
16.2950903,,1.07,,,,,0.76,0.8,4.57
3.63899398,,1.41,,,,,0.93,0.95,4.57
38.1312831,,1.9,,,,,1.25,1.16,3.09
14.4273551,,1.19,,,,,1.09,1.09,2.63
36.4333452,,2.16,,,,,1.04,1.04,3.8
82.177374,,2.92,,,,,1.28,1.18,2.82
10.35863224,,1.67,,,,,0.96,0.98,4.57
11.55530021,,1.18,,,,,0.78,0.81,4.68
26.0840594,,1.73,,,,,1.06,1.04,3.98
14.53261362,,1.83,,,,,0.98,0.99,4.27
1.729366,0.028,1.8,,,,,0.85,,
4.180043,0.05,3.6,,,,,0.85,,
51.84688575,,8.68,,,,,0.81,0.86,4.68
22.12679948,,1.67,,,,,0.81,0.85,4.79
5.94220998,,1.23,,,,,0.75,0.8,3.89
12.25383217,,1.01,,,,,0.84,0.88,4.47
9.5085156,,1.52,,,,,1.4,1.25,2.4
30.4549136,,2.11,,,,,0.92,0.94,3.98
19.9157725,,1.47,,,,,1.12,1.11,2.51
54.6495759,,2.32,,,,,1.12,1.08,3.55
7.31946363,,2.13,,,,,1.63,1.38,1.95
39.8189932,,1.86,,,,,1.31,1.05,6.92
82.294751,,1.77,,,,,0.9,0.93,4.07
29.198943,0.184,4.21,,,,,0.95,,
55.328328,0.281,1.61,,,,,0.95,,
160.018032,0.571,3.96,,,,,0.95,,
92.4362973,,3.04,,,,,0.87,0.9,4.57
16.5861762,,1.51,,,,,0.99,1,4.57
16.75255007,,1.49,,,,,0.72,0.77,2.82
15.0217983,,1.41,,,,,1.29,1.06,6.46
91.080482,,3.07,,,,,0.94,0.96,4.37
85.273256,,2.94,,,,,1.04,1.03,4.17
64.6588017,,2.22,,,,,1.27,1.18,2.95
8.74199772,,1.66,,,,,0.95,0.96,4.27
48.051405,,1.33,,,,,0.81,0.86,4.17
44.2008,,1.19,,,,,0.78,0.82,4.68
4.942782,0.05714,10.76,209.76,0.06,,,0.99,1.02,3.7
3.428054,0.044,1.25,,,,,0.94,,
7.381998,0.073,3.69,,,,,0.94,,
12.56093,0.104,2.79,,,,,0.94,,
30.826557,0.189,3.12,,,,,0.94,,
637.2093,1.24,3.64,,,,,0.91,0.97,
15.0330105,,1.2,,,,,1,1,4.07
14.5564533,,1.56,,,,,1.3,1.2,2.75
41.7083629,,3.18,,,,,1.72,1.44,1.7
96.16987,,2.27,,,,,0.74,0.77,5.13
82.304003,,2.13,,,,,0.81,0.85,4.47
30.8609366,,0.93,,,,,0.86,0.93,1.7
14.0329154,,1.32,,,,,0.93,0.95,3.98
16.0506213,,0.84,,,,,0.85,0.89,4.57
20.7056504,,1.33,,,,,1.22,1.14,2.69
25.4338197,,1.85,,,,,0.99,1,3.98
15.228958,0.116,3.06,,,,,0.83,,
24.674612,0.16,2.09,,,,,0.83,,
84.703921,,3.36,,,,,1.28,1.19,2.75
23.2382792,,1.68,,,,,1.29,1.17,3.31
20.35972599,,1.18,,,,,0.67,0.73,1.78
160.8846509,,8.46,,,,,0.97,0.99,3.98
217.8317626,,11.82,,,,,1.22,1.21,1.58
10.5141,,1.32,,,,,1.37,1.18,
214.3114164,,9.55,,,,,1.41,1.3,1.82
7.25931979,,1.75,,,,,1.07,1.04,4.07
5.54608367,,9.76,,,,,1.95,1.58,1.38
5.11177904,,3.05,,,,,1.88,1.54,1.48
240.7989397,,7.06,,,,,0.91,0.94,3.98
18.207973,0.124,2.79,,,,,0.72,,
88.255055,0.356,2.39,,,,,0.72,,
0.65355357,,5.77,,,,,0.71,0.76,4.47
47.14840805,,2.5,,,,,0.76,0.81,4.47
1.84788917,,1.73,,,,,0.93,0.96,3.89
0.93875077,,1.58,,,,,0.96,0.97,4.37
70.9674603,,3.54,,,,,1.25,1.17,2.88
2.41660118,,0.91,,,,,1.04,1.07,2.82
3.908632,,2.43,,,,,0.69,0.73,4.68
160.129918,,4.77,,,,,1.32,1.21,2.82
1.79111021,,1.46,,,,,1.03,1.03,3.89
5.33905686,,2.1,,,,,0.77,0.81,4.79
18.870227,0.129,2.92,,,,,0.89,,
46.90232,0.237,2.53,,,,,0.89,,
2.5904434,,1.64,,,,,0.88,0.92,4.27
5.3227406,,1.65,,,,,0.88,0.92,4.27
1.13854338,,1.11,,,,,1.27,1.16,2.82
1.09366356,,1.35,,,,,0.88,0.91,4.27
308.5471,,3.46,,,,,1.51,1.31,2.19
5.71668872,,1.89,,,,,0.86,0.9,4.57
138.9442,,2.55,,,,,1.11,1.08,3.47
364.758031,,3.14,,,,,0.67,0.71,2.95
1.4444538,,1.18,,,,,0.77,0.81,5.01
175.138819,,2.82,,,,,1.03,1.03,4.37
133.3036741,,2.7,,,,,0.8,0.84,4.79
33.040532,0.198,2.26,,,,,1,,
62.303276,0.303,2.95,,,,,1,,
20.54981883,,3.84,,,,,0.98,0.98,4.47
3.93276465,,1.5,,,,,0.98,0.98,4.47
9.91935684,,1.5,,,,,0.98,0.98,4.47
125.4131177,,2.49,,,,,0.69,0.74,2.51
8.40691199,,1.16,,,,,0.81,0.86,4.47
3.95116882,,0.76,,,,,0.99,0.94,8.51
2.89223021,,0.65,,,,,0.99,0.94,8.51
5.99273738,,0.87,,,,,0.99,0.94,8.51
5.10115756,,0.76,,,,,0.99,0.94,8.51
6.96710269,,2.71,,,,,1.65,1.39,1.91
168.811174,,1.78,,,,,0.74,0.81,2.34
163.692349,,2.7,,,,,0.8,0.84,4.47
19.5974971,,3.13,,,,,0.93,0.95,3.72
0.69297968,,0.9,,,,,1.18,1.12,3.39
124.828679,,2.64,,,,,0.97,0.99,4.37
214.886545,,2.57,,,,,0.84,0.88,4.79
5.931194,0.056,2.09,,,,,0.62,,
52.661793,0.242,2.24,,,,,0.62,,
225.582809,,3.02,,,,,1.11,1.07,3.55
24.4973698,,2.66,,,,,1.22,1.14,2.88
184.771853,,2.47,,,,,0.78,0.85,3.31
4.24261881,,1.15,,,,,0.81,0.85,4.57
198.088774,,2.9,,,,,0.81,0.84,4.68
8.10501635,,1.61,,,,,1.06,1.04,4.37
8.82713457,,1.96,,,,,0.95,0.97,4.9
3.74032496,,1.53,,,,,1.17,1.11,3.31
3.50470358,,0.68,,,,,0.79,0.83,4.9
0.97191543,,0.72,,,,,0.82,0.86,4.27
4.973456,0.054,2.3,,,,,0.81,,
15.906801,0.117,2.55,,,,,0.81,,
3.03195744,,0.89,,,,,1.02,1.02,4.17
1.00520701,,1.09,,,,,1.11,1.07,3.39
64.2737752,,3.55,,,,,1.05,1.02,4.79
3.43276598,,0.75,,,,,0.99,1,4.07
18.0540381,,1.47,,,,,0.9,0.93,4.57
1.53818844,,1.19,,,,,0.73,0.76,5.62
0.53991524,,0.79,,,,,0.81,0.84,5.01
153.979578,,2.73,,,,,0.93,0.95,4.17
20.925392,,1.3,,,,,1.19,1.09,4.57
5.79180156,,1.68,,,,,1.4,1.25,2.45
1.732342,0.028,1.32,,,,,1.04,,
13.5405,0.11,2.24,,,,,1.04,,
7.02573474,,1.46,,,,,1.03,1.02,4.07
26.548955,,1.07,,,,,0.89,0.92,4.17
3.38555488,,1.52,,,,,1.39,1.23,2.34
5.49548621,,0.94,,,,,0.95,0.97,4.79
2.6157554,,1.2,,,,,1,1.01,4.07
6.9424334,,1.29,,,,,1.08,1.06,3.8
2.55314213,,1.31,,,,,0.92,0.95,4.17
6.98471973,,1.04,,,,,1.06,1.05,4.07
6.30560247,,1.13,,,,,0.74,0.78,4.27
1.45088691,,1.04,,,,,0.86,0.9,4.27
0.84990789,,0.84,,,,,0.7,0.75,2.24
16.709184,0.111,2.12,,,,,0.62,,
28.551383,0.158,1.9,,,,,0.62,,
56.6449279,,2.11,,,,,2.15,1.47,2.75
6.28385491,,0.8,,,,,1.23,1.12,4.17
4.83817712,,1.49,,,,,0.3,0.28,7.76
9.32807355,,0.6,,,,,0.91,0.94,4.27
13.3997099,,1.61,,,,,1.13,1.1,3.31
3.5827463,,1.79,,,,,0.91,0.94,4.37
15.6049212,,1.52,,,,,1.75,1.45,1.7
9.4060467,,1.33,,,,,1.22,1.08,5.01
7.84931739,,0.76,,,,,0.99,0.96,5.5
0.99166527,,1.09,,,,,1.25,1.18,2.75
10.139623,0.082,2.38,,,,,0.66,,
43.595792,0.218,3.41,,,,,0.66,,
7.61760804,,1.14,,,,,1.16,1.11,3.39
8.18504949,,1.27,,,,,1.16,1.1,3.24
3.05710069,,1.54,,,,,1.28,1.18,2.69
174.509835,,3.17,,,,,0.77,0.81,3.63
2.71603809,,1.06,,,,,1.08,1.06,3.89
4.56380468,,1.23,,,,,0.8,0.84,4.68
66.373379,,1.9,,,,,0.92,0.95,3.89
2.94654179,,1.06,,,,,1.39,1.25,2.4
4.34195123,,0.95,,,,,1.09,1.07,3.8
122.363553,,1.62,,,,,0.99,0.99,4.27
228.776,0.7048,8.449,105.833,0.0069,,,0.65,0.69,
4.309397,0.05511,1.715,,,,,1.12,,
13.699429,0.1192,3.76,,,,,1.12,,
30,0.17,,100,,,,1.12,,
386.370548,,3.13,,,,,0.82,0.86,4.68
2.20921951,,0.82,,,,,1.07,1.04,4.27
11.17931605,,1.34,,,,,1.36,1.22,2.51
2.27163926,,1.29,,,,,1.31,1.21,2.82
0.68368426,,1.41,,,,,0.76,0.81,4.17
85.7565495,,1.08,,,,,0.82,0.86,4.68
196.435224,,2.07,,,,,0.86,0.9,4.27
13.6473676,,0.92,,,,,1.21,1.14,3.16
16.4735686,,1.73,,,,,0.72,0.75,5.13
114.34219,,2.22,,,,,1.27,1.18,3.02
4.921355,0.054,2.12,,,,,0.81,,
7.06424,0.068,2.05,,,,,0.81,,
8.70181574,,1.61,,,,,0.87,0.91,4.68
5.1762429,,0.81,,,,,0.93,0.94,5.01
3.91795101,,1.03,,,,,0.94,0.96,4.57
1.5184299,,2.08,,,,,1.12,1.08,3.55
3.9466141,,1.49,,,,,0.76,0.79,5.5
47.3126192,,2.06,,,,,1.05,1.04,3.89
6.76284377,,1.02,,,,,1.34,1.21,2.75
27.4785572,,1.2,,,,,1.22,1.15,3.02
6.10826019,,1.26,,,,,1.65,1.41,1.78
23.6225913,,0.76,,,,,1,1,4.27
6.919798,0.069,1.26,,,,,0.96,,
19.446355,0.137,3.03,,,,,0.96,,
101.951829,,1.61,,,,,1.23,1.15,3.02
92.263714,,2.16,,,,,1.24,1.15,2.69
10.8118737,,1.47,,,,,1.5,1.31,2.19
4.36128348,,1.31,,,,,1,1,4.27
3.29030452,,5.7,,,,,0.47,0.5,4.47
287.378949,,6.06,,,,,0.94,0.96,4.37
4.13962966,,2.02,,,,,1.85,1.51,1.55
7.20283653,,3.69,,,,,0.84,0.87,4.68
76.378033,,6.43,,,,,0.52,0.55,5.13
3.87595807,,0.77,,,,,1.01,1.01,4.27
7.810937,0.078,1.05,,,,,0.92,,
21.347262,0.152,2.26,,,,,0.92,,
509.997402,,2.19,,,,,0.63,0.66,5.01
4.09513932,,1.35,,,,,0.95,0.97,4.17
448.303558,,2.47,,,,,1.19,1.12,3.09
186.404271,,1.58,,,,,1.32,1.2,2.82
374.876239,,3.19,,,,,0.89,0.92,4.47
469.63111,,3.64,,,,,0.85,0.89,4.9
425.47785,,3.23,,,,,1.02,1.01,3.98
6.10960324,,0.89,,,,,1.02,1.02,4.17
259.33683,,1.87,,,,,0.95,0.97,4.37
9.878482,,2.58,,,,,1.18,1.12,3.16
5.03503,0.058,1.41,,,,,1.15,,
10.945723,0.097,2.73,,,,,1.15,,
28.986769,0.187,2.45,,,,,1.15,,
7.5844126,,4.82,,,,,1.43,1.27,2.4
19.672266,,3.11,,,,,1.19,1.12,3.02
32.657212,,2.95,,,,,1.19,1.12,3.02
12.2057513,,3.2,,,,,0.84,0.88,4.47
6.6513802,,2.66,,,,,0.84,0.88,4.47
5.34264507,,2.3,,,,,0.88,0.92,3.89
21.0907758,,1.88,,,,,0.86,0.89,4.27
16.1779561,,1.78,,,,,1.02,1.02,4.17
4.48558383,,1.23,,,,,0.26,0.24,4.68
1107.5923,2.7205,11.874,483,0.0581,,,1.79,1.22,4.4
8.689099,,1.017,,,2.21,307,0.23,0.2,
19.53527,,1.06,,,0.75,234,0.23,0.2,
8.180848,0.072,2.32,,,,,0.77,,
15.31299,0.11,2.23,,,,,0.77,,
1.53818001,,0.96,,0.01,,,0.33,0.33,
9.87863917,,1.84,,0.13,,,0.5,0.52,
38.09722,0.1654,1.6,,,0.81,268,0.38,0.4,3.2
140.2524,0.4706,2.17,,,0.98,284,0.69,0.72,7.7
1047.8356,2.026,9.18,158.915,0.26,0.3,206,1.18,1.01,5
11.8728787,0.103,2.213,5,,155,,1.03,1.03,2.56
31.578659,0.197,5.02,48.6,0.836,,651,1.1,1.03,6.31
3.84937278,0.0544,11.994,1868.8404,0.0628,,,2.89,1.45,
7.650254,0.072,2.27,,,,,0.74,,
34.260281,0.195,2.38,,,,,0.74,,
1.55400393,,1.73,,,,,0.83,0.88,4.47
175.06,0.633,3.87,17,0.057,0.88,243,0.76,0.84,2
17.6046,,3.304,,,,,0.63,0.61,
14.3868,,3.033,,,,,,,
11.9548,,2.839,,,,,0.78,0.84,
25.8476,,2.883,,,,,1.15,1.23,
40.7157,,3.236,,,,,1.15,1.23,
83.5781,,2.984,,,,,1.09,1.09,
15.434,,4.348,,,,,1.02,0.98,
9.51216,,2.78,,,,,0.71,0.67,
4.3931632,0.0483,1.615,,0,115.8,914,0.73,0.77,3.3
7.406114,0.0684,1.548,,0,57.7,768,0.73,0.77,3.3
21.803855,0.1405,1.194,,0.12,13.68,536,0.73,0.77,3.3
1071.23228,1.89,10.15,,0.062,0.07,131,0.73,0.77,3.3
20.4998,,3.356,,,,,1.52,1.05,
4.16787,,1.326,,,,,0.93,0.87,
150.878,,2.97,,,,,1.09,1.16,
33.7888,,2.936,,,,,1.13,1.11,
62.5611,,3.206,,,,,0.88,0.96,
63.0382,,3.125,,,,,1.13,1.06,
29.9221,,3.377,,,,,1.06,,
22.064,,2.702,,,,,1.25,1.11,
147.974,,3.304,,,,,0.83,1.03,
9.75376,,2.069,,,,,0.87,0.96,
4.425391,0.056,1.46,,,,,1.11,,
13.193242,0.116,2.69,,,,,1.11,,
8.77424,,1.36,,,,,0.72,0.83,
69.8956,,2.553,,,,,,,
14.8334,,2.889,,,,,0.84,0.99,
15.0337,,1.875,,,,,0.9,0.95,
47.7055,,2.871,,,,,0.67,0.75,
20.4905,,2.577,,,,,0.84,0.96,
9.30987,,1.426,,,,,1.2,1.02,
5.77954,,1.656,,,,,0.73,0.65,
5.62012,,1.262,,,,,,,
8.483,,0.947,,,,,1,1.02,
3.250619,0.04,1.13,,,,,0.76,,
6.195469,0.062,1.21,,,,,0.76,,
8.348125,0.075,1.25,,,,,0.76,,
13.767102,0.105,2.2,,,,,0.76,,
87.090195,0.359,2.58,,,,,0.76,,
234.636,,2.811,,,,,0.86,0.94,
3.8482,,1.835,,,,,1.13,1.11,
5.95966,,1.112,,,,,0.87,0.87,
12.0999,,1.289,,,,,0.88,0.95,
3.89526,,1.18,,,,,0.76,0.82,
4.7329,,1.119,,,,,0.99,0.96,
65.9409,,2.81,,,,,1.2,1.02,
33.4969,,1.26,,,,,0.77,0.75,
1.2107,,1.073,,,,,0.74,0.82,
3.49082,,1.567,,,,,,,
1.4857108,0.02591,14.68,778.65,0.011,,1570,1.01,1.04,
7.930592,0.08,3.2,,,,,1.03,,
16.665863,0.131,2.86,,,,,1.03,,
234.239,,2.901,,,,,1.09,1.12,
169.134,,2.222,,,,,0.84,0.87,
18.5012,,1.602,,,,,0.73,0.85,
4.166972,0.05,2.34,,,,,0.84,,
11.463462,0.098,2.56,,,,,0.84,,
39.595519,0.223,1.89,,,,,0.84,,
2.940309,0.04,2.35,,,,,1.08,,
6.388996,0.068,2.86,,,,,1.08,,
14.627119,0.118,2.25,,,,,1.08,,
35.118736,0.211,2.76,,,,,1.08,,
4.263742,0.048,1.29,,,,,0.95,,
8.005777,0.074,2.43,,,,,0.95,,
13.98179,0.1,1.96,,,,,0.62,,
44.000529,0.214,1.49,,,,,0.62,,
247.35373,0.677,2.19,,,,,0.62,,
11.903515,0.105,2.56,,,,,1.01,,
34.035257,0.213,3.1,,,,,1.01,,
5.433074,0.058,1.43,,,,,0.89,,
12.759712,0.102,2.6,,,,,0.89,,
25.751974,0.163,2.51,,,,,0.89,,
51.16579,,1.45,,,,,0.83,0.87,4.68
35.8601,,3.5,5.84,0,30.4,,1.32,0.92,
49.40926,,8.73,14.7,0,25.4,,1.32,0.92,
9.576694,0.085,2.9,,,,,1.07,,
20.552802,0.142,2.88,,,,,1.07,,
96.678988,0.397,3.95,,,,,1.07,,
2.735926,0.036,1.64,,,,,0.76,,
6.40013,0.064,2,,,,,0.76,,
3.504725,0.0447,2,6.9,0,,,1.11,0.97,10
7.64159,0.0752,5.49,17.3,0,,,1.11,0.97,10
14.85888,0.1172,6.98,16.4,0,,,1.11,0.97,10
13.817124,0.109,1.5,,,,,1.06,,
41.885775,0.229,3.01,,,,,1.06,,
3.137873,0.04,1.27,,,,,0.75,,
4.302149,0.049,1.99,,,,,0.75,,
9.825792,0.096,2.58,,,,,1.15,,
20.684342,0.157,3.43,,,,,1.15,,
5.687945,0.064,2.06,,,,,0.96,,
11.637071,0.103,2.27,,,,,0.96,,
10.687576,0.092,2.36,,,,,0.87,,
20.303005,0.141,1.97,,,,,0.87,,
29.022358,0.179,2.49,,,,,0.87,,
1.6329,0.026,1.17,,,,,0.81,,
20.729042,0.139,2.02,,,,,0.81,,
3.8867907,0.0343,1.07,,,,,0.47,0.48,4
7.267302,0.0451,1.25,,,,,0.47,0.48,4
13.342996,0.0781,1.4,,,,,0.47,0.48,4
22.407704,0.11,1.27,,,,,0.47,0.48,4
129.9441,0.432,1.17,,0.04,0.3,,0.52,0.54,4
4.938864,0.059,1.41,,,,,1.29,,
10.640263,0.099,2.67,,,,,1.29,,
2.061897,0.032,1.68,,,,,1.14,,
5.996553,0.066,3.19,,,,,1.14,,
10.399931,0.088,1.21,,,,,0.75,,
20.134866,0.137,2.38,,,,,0.75,,
9.28716,,,8.4,0.12,,,0.86,0.94,1.9
28.731,,,13.1,0.21,,,0.86,0.94,1.9
62.95,,,22.5,0.05,,,0.86,0.94,1.9
2.019999,0.03,1.56,,,,,0.8,,
3.763024,0.045,1.46,,,,,0.8,,
9.939632,0.087,1.34,,,,,0.79,,
17.738506,0.128,1.86,,,,,0.79,,
5.94504102,,2.28,,,,,0.8,0.84,4.9
9.926746,0.09,2.74,,,,,1.01,,
21.2234,0.15,2.79,,,,,1.01,,
6.47027579,,1.02,,,,,0.94,0.94,6.76
11.38848,0.106,2.39,,,,,1.15,,
50.697494,0.286,2.75,,,,,1.15,,
2.092281,0.032,1.51,,,,,1.02,,
17.308032,0.131,2.59,,,,,1.02,,
52.814973,0.275,2.4,,,,,1.02,,
8.307872,0.077,2.03,,,,,0.78,,
34.096863,0.197,1.55,,,,,0.78,,
20.739886,0.138,1.9,,,,,0.78,,
47.427737,0.24,2.24,,,,,0.78,,
5.599308,0.06,1.02,,,,,1.12,,
10.349695,0.09,1.23,,,,,1.12,,
15.677563,0.119,1.22,,,,,1.12,,
25.209715,0.164,0.91,,,,,1.12,,
17.790037,0.131,2.82,,,,,0.94,,
49.567416,0.259,2.47,,,,,0.94,,
1.31184443,,1.53,,,,,0.93,0.97,3.72
23.637604,0.158,3.11,,,,,0.97,,
67.093408,0.316,3.25,,,,,0.97,,
3.69611525,0.0463,1.868,9.7,0.03,,1105,0.96,0.95,7.6
10.85409089,0.0949,3.047,12.75,0.16,,772,0.96,0.95,7.6
77.61130017,0.3506,2.744,10.07,,,401,0.96,0.95,7.6
6.09852281,0.0639,0.865,,,,,0.96,0.95,7.6
19.57758478,0.1396,1.003,,,,,0.96,0.95,7.6
34.94,0.2055,,19.96,0.15,,524,0.96,0.95,7.6
8.594805,0.08,2.13,,,,,0.94,,
10.222157,0.09,1.59,,,,,0.94,,
25.672083,0.175,2.46,,,,,1.23,,
151.884058,0.573,2.85,,,,,1.23,,
4.069427,0.045,1.63,,,,,0.67,,
16.282493,0.113,1.85,,,,,0.67,,
3.162697,0.043,2.57,,,,,1.11,,
5.370647,0.061,2.47,,,,,1.11,,
11.32972,0.1,1.44,,,,,1.11,,
14.400974,0.117,2.53,,,,,1.24,,
25.660593,0.173,1.79,,,,,1.24,,
2.75564,0.032,1.51,,,,,0.55,,
20.306546,0.122,1.64,,,,,0.55,,
7.781987,0.078,1.2,,,,,1.19,,
13.137471,0.111,1.77,,,,,1.19,,
23.44281,0.163,1.19,,,,,1.19,,
1.611865,0.029,1.57,,,,,1.59,,
3.071571,0.044,1.5,,,,,1.59,,
5.868075,0.068,3.31,,,,,1.59,,
4.22864,0.054,1.63,,,,,1.31,,
7.466623,0.079,1.39,,,,,1.31,,
11.131786,0.103,1.2,,,,,1.31,,
16.259458,0.132,1.48,,,,,1.31,,
16.087845,0.122,2.26,,,,,0.94,,
41.749882,0.231,3.1,,,,,0.94,,
2.78578,0.042717,1.639,5.08,0.02,,2025,1.9,1.41,3.03
2.453234,0.032,2.94,,,,,0.65,,
7.972513,0.07,3.62,,,,,0.65,,
4.138575,0.048,1.26,,,,,0.82,,
6.04045,0.062,1.29,,,,,0.82,,
16.257582,0.133,1.09,,,,,1.46,,
31.805174,0.207,2.74,,,,,1.46,,
2.46236,0.036,1.62,,,,,1.2,,
4.822962,0.057,2.34,,,,,1.2,,
15.660544,0.13,2.61,,,,,1.35,,
28.7798,0.194,2.13,,,,,1.35,,
9.360672,0.084,1.62,,,,,1.03,,
14.667108,0.113,1.77,,,,,1.03,,
30.864423,0.185,2.39,,,,,1.03,,
68.16101,0.314,1.75,,,,,1.03,,
7.693641,0.079,2.35,,,,,1.26,,
17.406669,0.136,3.04,,,,,1.26,,
5.374943,0.065,2.23,,,,,1.8,,
8.586004,0.089,1.85,,,,,1.8,,
3.88689525,,1.32,,,,,1.76,1.37,2.63
3.619337,0.046,1.48,,,,,1.06,,
44.699576,0.248,3.14,,,,,1.06,,
124.5244647,,2.66,,,,,1.02,1.01,5.62
4.585512,0.057,2.95,,,,,1.49,,
22.714613,0.165,3.58,,,,,1.49,,
47.903645,0.272,2.81,,,,,1.49,,
289.8623,0.849,2.38,36,0,,262,0.98,0.97,
4.159807,0.046,0.81,,,,,0.67,,
9.034199,0.076,1.57,,,,,0.67,,
28.122397,0.163,0.98,,,,,0.67,,
45.902733,0.226,1.33,,,,,0.67,,
2.795906,0.037,1.71,,,,,0.82,,
5.690586,0.059,2.93,,,,,0.82,,
10.04156,0.087,2.73,,,,,0.82,,
18.369917,0.13,2.63,,,,,0.82,,
3.936981,0.048,3.16,,,,,0.87,,
10.08881,0.091,4.64,,,,,0.87,,
28.081912,0.18,3.69,,,,,0.87,,
7.38449,,2.99,7.4,0.078,,,1.72,1.12,
9.84564,,3.44,5.1,0.15,,,1.72,1.12,
14.78869,,5.24,8,0.037,,,1.72,1.12,
19.72567,,4.6,4.8,0.051,,,1.72,1.12,
3.132924,0.038,1.39,,,,,0.68,,
5.925003,0.058,3.12,,,,,0.68,,
11.349393,0.089,2.3,,,,,0.68,,
18.643577,0.124,1.97,,,,,0.68,,
6.738975,0.056,1.2,,,,,0.48,,
18.794234,0.111,1.84,,,,,0.48,,
3.940997,0.047,1.55,,,,,0.8,,
5.349555,0.058,2.27,,,,,0.8,,
8.109044,0.076,1.22,,,,,0.8,,
9.488015,0.09,3.11,,,,,1.09,,
54.418694,0.29,3.04,,,,,1.09,,
2.566546,0.038,1.53,,,,,1.01,,
4.134444,0.052,2.7,,,,,1.01,,
11.094286,0.101,4.04,,,,,1.01,,
6.252972,0.062,2.2,,,,,0.73,,
16.068638,0.117,4.92,,,,,0.73,,
41.194912,0.22,3.85,,,,,0.73,,
7.1073,0.075,1.9,254.3,,,,1.52,1.11,6
10.7421,0.099,3.2,858.1,,,,1.52,1.11,6
15.274299,0.124,2.2,,,,,1.55,,
32.625555,0.191,4.26,,,,,0.82,,
91.773242,0.38,2.04,,,,,0.82,,
10.065275,0.074,1.73,,,,,0.49,,
19.271566,0.114,1.93,,,,,0.49,,
4.431222,0.054,3.08,,,,,0.97,,
11.379349,0.101,3.83,,,,,0.97,,
8.472382,0.077,2.43,,,,,0.76,,
60.418955,0.287,2.71,,,,,0.76,,
2.711506,0.04,3.7,,,,,1.11,,
7.21205,0.077,3.51,,,,,1.11,,
3.340222,0.037,2.23,,,,,0.55,,
7.824904,0.065,1.28,,,,,0.55,,
20.060548,0.122,2.05,,,,,0.55,,
46.183669,0.213,2.22,,,,,0.55,,
8.295611,0.065,1.57,,,,,0.51,,
23.968127,0.132,2,,,,,0.51,,
4.715106,0.05,1.41,,,,,0.72,,
8.103636,0.071,2.08,,,,,0.72,,
2.090876,0.034,1.73,,,,,1.43,,
6.155557,0.069,2.39,,,,,1.43,,
13.233549,0.115,3.07,,,,,1.43,,
23.654,,5.6,169.7,,,,0.96,1.06,
50.447,,2,13.5,,,,0.96,1.06,
11.763051,0.095,2.33,,,,,0.76,,
56.228098,0.268,2.51,,,,,0.76,,
8.1453,0.08,2.4,508.5,,,,1.07,1.03,7.7
12.3335,0.106,2.8,508.5,,,,1.07,1.03,7.7
4.244384,0.051,1.67,,,,,1.29,,
18.998355,0.138,2.78,,,,,1.29,,
4.144495,0.048,1.37,,,,,0.74,,
7.953528,0.074,2.2,,,,,0.74,,
12.718092,0.094,2.33,,,,,0.67,,
36.065978,0.189,2.57,,,,,0.67,,
8.20395,0.075,2.61,,,,,0.85,,
14.496481,0.109,2,,,,,0.85,,
5.715442,0.062,2.45,,,,,0.84,,
20.026218,0.142,1.99,,,,,0.84,,
4.311792,0.05,2.76,,,,,0.8,,
9.767292,0.087,2.05,,,,,0.8,,
20.050401,0.14,2.31,,,,,0.8,,
7.49019,0.071,2.57,,,,,0.8,,
17.460812,0.124,2.18,,,,,0.8,,
36.277108,0.202,3.03,,,,,0.8,,
3.21982106,,1.75,,,,,0.8,0.86,3.63
4.60182,0.052,2.34,,,,,0.83,,
11.187161,0.095,1.5,,,,,0.83,,
3.33616,0.042,1.64,,,,,0.77,,
9.439452,0.084,4.09,,,,,0.77,,
20.477912,0.14,3.94,,,,,0.77,,
6.308205,0.066,3.02,,,,,0.83,,
16.239494,0.123,4.07,,,,,0.83,,
3.306539,0.035,1.09,,,,,0.48,,
7.113702,0.058,1.51,,,,,0.48,,
15.368459,0.097,1.57,,,,,0.48,,
6.238297,,2.748,8.7,0.0029,,,1.32,1.17,
12.7207,,5.217,15.2,0.0061,,,1.32,1.17,
122.4,,,71.9,0.13,,,1.32,1.17,
4.148141,0.048,1.13,,,,,0.81,,
7.156804,0.069,2.28,,,,,0.81,,
17.648312,0.127,2.18,,,,,0.81,,
4.790936,0.053,1.33,,,,,0.89,,
16.514043,0.122,2.77,,,,,0.89,,
30.133001,0.182,2.77,,,,,0.89,,
99.640161,0.404,2.77,,,,,0.89,,
6.668391,0.058,1.23,,,,,0.55,,
10.848463,0.08,2.15,,,,,0.55,,
3.783986,0.046,1.63,,,,,0.79,,
10.281951,0.089,2.65,,,,,0.79,,
18.119869,0.13,3.17,,,,,0.79,,
5.826662,0.064,3.87,,,,,0.91,,
12.412183,0.105,2.15,,,,,0.91,,
18.746477,0.139,2.5,,,,,0.91,,
5.714606,0.063,1.55,,,,,0.93,,
9.946047,0.092,2.99,,,,,0.93,,
1.04562266,,1.32,,,,,0.86,0.9,4.37
1.620493,0.027,1.59,,,,,1.3,,
3.38802,0.045,2.15,,,,,1.3,,
5.839172,0.064,2.48,,,,,1.3,,
10.681572,0.096,2.35,,,,,1.3,,
2.382667,0.034,2.61,,,,,1.04,,
6.581484,0.066,5.41,,,,,1.04,,
24.664551,0.16,4.95,,,,,1.04,,
13.19722,0.103,4.06,,,,,0.92,,
33.653079,0.193,3.61,,,,,0.92,,
8.115317,0.079,2.8,,,,,0.9,,
36.924931,0.217,2.7,,,,,0.9,,
12.28,,2.78,5.12,,7.6,,0.51,0.54,
17.2559,,2.72,6.2,,4.82,,0.51,0.54,
3.543919,0.039,1.07,,,,,0.57,,
46.827915,0.22,2.41,,,,,0.57,,
8.187399,0.075,2.01,,,,,0.86,,
76.050178,0.332,1.74,,,,,0.86,,
10.381227,0.088,2.18,,,,,0.79,,
24.570858,0.156,2,,,,,0.79,,
13.060855,0.108,1.36,,,,,0.88,,
21.853722,0.152,1.64,,,,,0.88,,
16.568087,0.12,2.67,,,,,0.79,,
47.332773,0.242,2.47,,,,,0.79,,
40.806231,0.249,3.33,,,,,1.55,,
140.101261,0.566,2.83,,,,,1.55,,
6.846262,0.069,1.86,,,,,1.1,,
17.028937,0.127,2.63,,,,,1.1,,
43.130617,0.236,2.49,,,,,1.1,,
67.831024,0.319,2.59,,,,,1.1,,
6.61833,0.071,2.48,,,,,1.03,,
107.723601,0.457,3.89,,,,,1.03,,
3.353728,0.037,1.98,,,,,0.56,,
6.87745,0.06,2.13,,,,,0.56,,
28.464515,0.154,2.27,,,,,0.56,,
25.934138,0.18,2.55,,,,,1.27,,
83.446393,0.391,3.38,,,,,1.27,,
5.326718,0.061,2.47,,,,,0.96,,
8.127899,0.081,1.69,,,,,0.96,,
15.3348,0.118,4,2895.31,,,,0.59,0.65,
31.3309,0.191,4.9,4385.87,,,,0.59,0.65,
11.476094,0.107,2.01,,,,,1.46,,
25.262887,0.18,1.77,,,,,1.46,,
10.43547805,,1.23,,,,,0.87,0.9,4.57
7.41086267,,0.95,,,,,0.87,0.9,4.57
5.24972541,,0.66,,,,,0.87,0.9,4.57
2.971353,0.038,1.43,,,,,0.93,,
6.057342,0.061,1.79,,,,,0.93,,
10.937304,0.091,2.25,,,,,0.93,,
2.936532,0.037,1.5,,,,,0.81,,
8.014927,0.073,1.98,,,,,0.81,,
11.634788,0.101,1.54,,,,,1.01,,
33.197861,0.204,1.84,,,,,1.01,,
10.300682,0.098,2.34,,,,,1.38,,
16.088134,0.132,3.38,,,,,1.38,,
35.676062,0.224,3.33,,,,,1.38,,
14.12841,0.119,2.87,,,,,1.05,,
31.884,,2.9,16.6,,,,1.03,1.1,
48.648,,2.8,16.3,,,,1.03,1.1,
17.324,,2.92,87.3,,,,1.69,1.12,
33.006,,3.36,64.2,,,,1.69,1.12,
30.160546,0.207,4.07,,,,,2.94,,
51.078775,0.294,3.59,,,,,2.94,,
12.309681,0.112,3.62,,,,,1.75,,
35.736,,4.3,49.4,,,,1.07,1.1,
54.414,,3.1,37.5,,,,1.07,1.1,
5.9123,0.062,3.6,479.9,,,,0.7,0.75,
8.9858,0.081,3.4,432.23,,,,0.7,0.75,
2.139542,0.032,1.45,,,,,0.89,,
4.807091,0.056,2.01,,,,,0.89,,
14.646008,0.117,2.82,,,,,0.9,,
36.337373,0.215,5.31,,,,,0.9,,
9.220524,0.082,1.01,,,,,0.9,,
13.638723,0.106,1.2,,,,,0.9,,
24.806,,2.46,61,,,,0.89,0.97,
44.347,,3.1,56.2,,,,0.89,0.97,
11.008151,0.082,2.13,,,,,0.57,,
92.743711,0.341,1.82,,,,,0.57,,
12.699149,0.104,2.24,,,,,0.81,,
37.514456,0.213,2.61,,,,,0.81,,
2.633867,0.036,1.34,,,,,0.81,,
6.186676,0.064,1.12,,,,,0.81,,
1.796302,0.027,1.24,,,,,0.86,,
3.468095,0.042,1.37,,,,,0.86,,
5.914323,0.061,1.33,,,,,0.86,,
29.221289,0.176,1.77,,,,,0.86,,
20.342199,0.145,2.33,,,,,1.03,,
44.851896,0.246,3.26,,,,,1.03,,
6.097326,0.065,1.67,,,,,1.09,,
19.305772,0.14,2.85,,,,,1.09,,
56.633742,0.287,2.67,,,,,1.09,,
34.545,0.21,2.15,7.3,,,,1,1.08,0.65
125.8518,0.51,11.59,132,,,,1,1.08,0.65
66.0634,0.33,2.68,4,,,,1,1.08,0.65
10.33974,,2.55,5,0,55.9,,0.73,0.76,
13.28613,,2.34,4.5,0,34.4,,0.73,0.76,
14.589347,0.11,2.25,,,,,0.74,,
36.77031,0.205,2.7,,,,,0.74,,
3.546511,0.047,2.16,,,,,1.02,,
5.700786,0.065,1.88,,,,,1.02,,
2.580827,0.035,1.32,,,,,0.83,,
3.715335,0.045,1.47,,,,,0.83,,
7.055679,0.068,2.23,,,,,0.83,,
11.97901,0.097,2.67,,,,,0.83,,
20.834237,0.141,2.35,,,,,0.83,,
19.254196,0.144,3.07,,,,,0.96,,
54.155743,0.286,3.83,,,,,0.96,,
3.701212,0.048,1.77,,,,,0.98,,
6.6264,0.071,2.71,,,,,0.98,,
12.645164,0.099,1.22,,,,,0.9,,
21.526258,0.142,1.17,,,,,0.9,,
33.884054,0.192,1.36,,,,,0.9,,
10.864384,0.079,1.61,,0.33,6.5,,0.48,0.5,
5.8416366,0.0521,2,,0.33,14.8,,0.48,0.5,
19.850291,0.118,2.09,,0.33,2.9,,0.48,0.5,
34.14211,0.169,1.53,,0.33,1.41,,0.48,0.5,
63.33627,0.255,1.8,,0.33,0.62,,0.48,0.5,
38.871826,0.217,2.87,,,,,0.92,,
74.920137,0.336,6.54,,,,,0.92,,
10.475464,0.08,1.96,,,,,0.58,,
22.92881,0.136,1.93,,,,,0.58,,
77.473633,0.305,2.5,,,,,0.58,,
2.927128,0.04,1.32,,,,,1.03,,
6.885875,0.07,2.65,,,,,1.03,,
15.054786,0.118,1.86,,,,,1.03,,
38.285489,0.22,1.87,,,,,1.03,,
29.33434,0.18,3.9,11.3,0.042,,,0.95,0.99,2
60.323105,0.3,12.3,640,0.0111,,,0.95,0.99,2
143.34394,0.5,8.8,23.1,0.022,,,0.95,0.99,2
10.446347,0.094,1.67,,,,,0.9,,
40.714955,0.232,2.25,,,,,0.9,,
2.508553,0.036,1.35,,,,,0.9,,
5.419026,0.06,1.35,,,,,0.9,,
13.751243,0.112,1.75,,,,,0.9,,
30.184104,0.193,4.06,,,,,1.22,,
127.282184,0.503,12.45,,,,,1.22,,
1.937055,0.024,0.89,,,,,0.48,,
7.061149,0.057,1.14,,,,,0.48,,
3.295709,0.039,2.86,,,,,0.69,,
5.315946,0.054,2.17,,,,,0.69,,
9.653471,0.08,2.75,,,,,0.69,,
1.49914695,,1.2,,,,,0.73,0.8,2.09
5.487,,3.6,10.5,,,,0.8,0.76,
8.291,,3.3,6,,,,0.8,0.76,
16.738661,0.121,2.71,,,,,0.79,,
3.20538,,1.794,,,,,0.83,0.82,
4.646186,0.05,1.52,,,,,0.72,,
7.240193,0.067,2.35,,,,,0.72,,
17.326644,0.12,2.47,,,,,0.72,,
44.840975,0.227,2.27,,,,,0.72,,
10.4208,,2.43,7.44,,59.7,,0.81,0.91,
13.0729,,2.2,3.64,,44,,0.81,0.91,
9.694928,0.09,2.12,,,,,0.94,,
15.38231,0.123,2.16,,,,,0.94,,
5.923653,0.059,1.56,,,,,0.72,,
105.356383,0.401,2.51,,,,,0.72,,
20.8613,0.16,5.5,,,,,1.22,1.21,
42.6318,0.26,5.3,1493.7,,,,1.22,1.21,
87.6451,0.4,3.9,2161.244,,,,1.22,1.21,
13.930698,0.111,1.19,,,,,0.88,,
56.47542,0.281,3.38,,,,,0.88,,
92.876125,0.392,2.47,,,,,0.88,,
9.176092,0.087,1.7,,,,,1.19,,
19.738286,0.145,1.43,,,,,1.19,,
1.772419,0.031,1.29,,,,,1.47,,
19.747412,0.153,3.15,,,,,1.47,,
14.970418,0.125,2.53,,,,,1.54,,
32.273273,0.208,2.57,,,,,1.54,,
2.461069,0.035,0.83,,,,,0.95,,
5.960392,0.064,2.9,,,,,0.95,,
96.101141,0.402,3.77,,,,,1.04,,
265.469335,0.791,4.15,,,,,1.04,,
2.240508,0.027,1.06,,,,,0.52,,
6.827766,0.058,1.16,,,,,0.52,,
5.524242,0.061,2.09,,,,,0.94,,
8.77501,0.083,1.72,,,,,0.94,,
4.662715,0.056,4.71,,,,,1.19,,
11.815007,0.105,3.68,,,,,1.19,,
4.362705,0.051,1.63,,,,,0.9,,
6.941357,0.069,2.63,,,,,0.9,,
31.781925,0.191,2.29,,,,,0.9,,
5.90124,0.05,2.2,1303,,,,0.53,0.58,
8.7522,0.09,2,158.9,,,,0.53,0.58,
22.7802,0.13,2.7,,,,,0.53,0.58,
2.896,0.033,1.5,,,,,0.53,0.58,
0.74296,0.013,0.82,,,,,0.53,0.58,
8.371554,0.085,1.14,,,,,1.11,,
17.934937,0.142,1.37,,,,,1.11,,
4.915379,0.057,1.77,,,,,1.19,,
13.093921,0.11,2.32,,,,,1.19,,
1.653888,0.027,1.01,,,,,0.89,,
4.337234,0.051,1.67,,,,,0.89,,
1.678327,0.028,1.43,,,,,1.18,,
3.553822,0.046,1.63,,,,,1.18,,
4.385315,0.05,1.14,,,,,0.84,,
51.805612,0.26,3.15,,,,,0.84,,
4.544439,0.053,2.91,,,,,1,,
12.762172,0.105,2.54,,,,,1,,
38.715185,0.22,2.79,,,,,1,,
2.248329,0.032,1.52,,,,,0.8,,
4.580358,0.051,1.4,,,,,0.8,,
6.766888,0.066,1.21,,,,,0.8,,
2.549575,0.029,1.11,,,,,0.49,,
5.212333,0.047,1.03,,,,,0.49,,
13.969457,0.09,1.73,,,,,0.49,,
34.921,,2.3,28.5,,,,1.06,1.15,
71.312,,5.4,39.4,,,,1.06,1.15,
7.416397,0.061,1.4,,,,,0.52,,
18.684737,0.113,1.93,,,,,0.52,,
5.66793,0.0677,1.74,,0,,,1.82,1.29,4.27
13.17562,0.1189,3.2,,0,,,1.82,1.29,4.27
21.77596,0.1662,5.35,,0,,,1.82,1.29,4.27
31.7844,0.2138,4.02,,0,,,1.82,1.29,4.27
41.02902,0.2535,4.46,,0,,,1.82,1.29,4.27
8.25978,0.075,1.35,,,,,0.72,,
15.955387,0.116,1.95,,,,,0.72,,
8.457496,0.065,1.82,,,,,0.49,,
17.28111,0.105,1.84,,,,,0.49,,
32.134328,0.159,1.64,,,,,0.49,,
7.626324,0.07,1.17,,,,,0.72,,
15.995622,0.114,1.09,,,,,0.72,,
34.21154,0.189,1.18,,,,,0.72,,
12.551158,0.087,1.32,,,,,0.53,,
24.08821,0.135,1.11,,,,,0.53,,
5.470319,0.061,1.12,,,,,1.07,,
12.758005,0.107,1.43,,,,,1.07,,
25.09849,0.168,1.41,,,,,1.07,,
6.562331,0.075,3.39,,,,,1.85,,
67.844469,0.356,3.07,,,,,1.85,,
2.024823,0.033,1.02,,,,,1.3,,
9.600001,0.092,2.1,,,,,1.3,,
20.678772,0.154,2.37,,,,,1.3,,
3.292781,0.045,1.54,,,,,1.76,,
9.693201,0.093,2.05,,,,,1.76,,
13.726976,0.117,2.44,,,,,1.74,,
24.310856,0.172,2.34,,,,,1.74,,
44.431014,0.257,3,,,,,1.74,,
9.341,,1.56,8.5,,,,1.74,1.14,
4.977656,0.055,1.42,,,,,0.8,,
6.988055,0.069,1.15,,,,,0.8,,
10.558345,0.091,1.17,,,,,0.8,,
288.822,1.0896,8.564,69.92,0.182,,,1.16,1.05,
14.844387,0.134,2.53,,,,,1.85,,
22.824669,0.178,3.37,,,,,1.85,,
5.195528,0.06,1.18,,,,,1.02,,
8.01041,0.08,1.7,,,,,1.02,,
27.666313,0.182,1.85,,,,,1.02,,
42.473269,0.242,1.99,,,,,1.02,,
15.170318,0.128,2.25,,,,,1.47,,
26.234138,0.185,1.96,,,,,1.47,,
39.459357,0.242,2.49,,,,,1.47,,
1.64422461,,0.88,,,,,1.34,1.26,2.04
8.96855,0.088,2.41,,,,,1.43,,
23.22182,0.167,2.02,,,,,1.43,,
21.963945,0.153,2.61,,,,,0.98,,
125.596809,0.488,2.95,,,,,0.98,,
7.415563,0.066,0.74,,,,,0.62,,
9.387427,0.077,1.2,,,,,0.62,,
6.511127,0.071,2.66,,,,,1.02,,
23.851549,0.168,3.07,,,,,1.02,,
12.79836,0.11,1.97,,,,,1,,
27.320871,0.183,1.75,,,,,1,,
7.05677,0.076,1.52,,,,,1.36,,
17.265427,0.138,1.33,,,,,1.36,,
5.929778,0.065,1.9,,,,,0.93,,
12.247629,0.105,1.96,,,,,0.93,,
131.458,0.60347,8.16,40.363,0.042,,,1.03,0.89,
11.189562,0.104,1.85,,,,,1.53,,
17.849,,3.1,6.1,,,,1.25,1,
26.136,,2.8,14.9,,,,1.25,1,
37.054919,0.214,3.06,,,,,0.85,,
57.24809,0.287,3.19,,,,,0.85,,
142.544247,,2.72,,,,,0.78,0.81,4.9
10.05537,0.085,0.86,,,,,0.78,,
16.332995,0.118,1.24,,,,,0.78,,
5.795278,0.051,0.89,,,,,0.5,,
8.410894,0.065,1.38,,,,,0.5,,
5.47666,0.054,1.84,,,,,0.67,,
16.934402,0.115,1.31,,,,,0.67,,
24.209842,0.146,1.24,,,,,0.67,,
11.03189,0.102,1.46,,,,,1.07,,
25.762294,0.179,2.71,,,,,1.07,,
4.612696,0.057,1.57,,,,,1.33,,
13.121632,0.115,1.81,,,,,1.33,,
6.475434,0.063,1.84,,,,,0.83,,
16.85837,0.12,2.67,,,,,0.83,,
49.499875,0.246,3.43,,,,,0.83,,
34.060467,0.21,2.72,,,,,0.95,,
83.488369,0.381,2.85,,,,,0.95,,
25.563222,0.178,3.53,,,,,1.09,,
57.68802,0.307,4.3,,,,,1.09,,
77.095691,0.372,4.01,,,,,1.09,,
13.86825,,1.498,3.83,0,247,,1.63,1.03,
16.21865,,3.679,7.13,0,191,,1.63,1.03,
3.289672,0.044,1.65,,,,,1.06,,
7.186434,0.075,2.1,,,,,1.06,,
8.486616,0.086,1.45,,,,,1.34,,
55.188023,0.3,2.52,,,,,1.34,,
10.327186,0.087,0.88,,,,,0.72,,
37.866281,0.207,1.45,,,,,0.72,,
3.614568,0.048,1.16,,,,,1.49,,
7.542427,0.079,1.69,,,,,1.49,,
11.932125,0.107,2.05,,,,,1.49,,
25.745718,0.178,1.55,,,,,1.28,,
59.980627,0.312,2.15,,,,,1.28,,
10.664903,0.098,2.04,,,,,1.05,,
17.784129,0.137,1.64,,,,,1.05,,
3.281959,0.045,1.46,,,,,1.05,,
12.51616,0.11,1.79,,,,,1.05,,
37.815724,0.201,1.3,,,,,0.69,,
53.578637,0.253,1.2,,,,,0.69,,
26.84768,0.186,3.26,,,,,2.02,,
72.379334,0.36,3.88,,,,,2.02,,
2.732756,0.03,1.13,,,,,0.47,,
14.871572,0.094,1.41,,,,,0.47,,
13.36731,,0.296,3.1783,0,,,0.79,0.87,
21.302,,0.75,12,,,,0.77,0.8,5.66
39.7922,,1.94,12.2,,,,0.77,0.8,5.66
51.196,,,,,,,0.77,0.8,
4.57953,0.054,1.59,,,,,0.9,,
19.02293,0.14,1.91,,,,,0.9,,
34.763278,0.2,1.89,,,,,0.99,,
67.968015,0.313,1.78,,,,,0.99,,
6.849692,0.075,1.36,,,,,1.14,,
20.053763,0.154,2.09,,,,,1.14,,
30.092568,0.201,1.69,,,,,1.14,,
5.535309,0.06,1.36,,,,,0.84,,
16.725948,0.126,1.24,,,,,0.84,,
1.897806,0.029,1.03,,,,,0.91,,
3.282807,0.042,1.1,,,,,0.91,,
5.028219,0.056,1.31,,,,,0.91,,
12.125934,0.101,1.45,,,,,0.84,,
19.986326,0.141,2.65,,,,,0.84,,
4.920199,0.057,1.07,,,,,1.18,,
14.172327,0.115,1.79,,,,,1.18,,
12.509529,0.109,1.39,,,,,1.22,,
27.014976,0.182,2.06,,,,,1.22,,
16.092361,0.112,0.75,,,,,0.67,,
28.906009,0.166,0.7,,,,,0.67,,
20.09838,0.152,1.66,,,,,1.31,,
62.784697,0.326,2.29,,,,,1.31,,
105.599,0.4632,4.3,122,0.032,,475,1.75,0.94,10
3.930821,0.05,1.19,,,,,1.22,,
7.630004,0.078,1.27,,,,,1.22,,
5.629021,0.066,0.99,,,,,1.57,,
13.391635,0.117,1.12,,,,,1.57,,
5.262155,0.055,1.32,,,,,0.94,,
12.162701,0.097,1.59,,,,,0.94,,
12.904532,0.095,1.32,,,,,0.67,,
31.200751,0.172,1.24,,,,,0.67,,
22.597053,0.148,1.12,,,,,0.88,,
45.348269,0.236,1.13,,,,,0.88,,
10.043686,0.097,2.73,,,,,1.13,,
15.163161,0.127,3.04,,,,,1.13,,
56.4159,,2.619,,,,,1.16,1.05,
12.31043,0.096,1.39,,,,,0.77,,
25.193458,0.155,1.58,,,,,0.77,,
6.791636,0.068,1.03,,,,,1.05,,
11.837549,0.098,0.89,,,,,1.05,,
3.173315,0.036,0.81,,,,,0.59,,
13.297004,0.093,0.86,,,,,0.59,,
3.244107,0.041,1.51,,,,,0.79,,
14.51143,0.11,1.46,,,,,0.79,,
21.08721,0.164,13.9,6388.1,0.112,,897,1.4,1.29,2.1
6.738088,0.065,0.82,,,,,0.78,,
13.060022,0.101,0.79,,,,,0.78,,
7.416755,0.082,3.2,,,,,3.57,,
20.485435,0.161,3.54,,,,,3.57,,
5.341853,0.059,1,,,,,1.13,,
10.423118,0.093,1.1,,,,,1.13,,
9.182417,0.091,1.29,,,,,1.38,,
14.613612,0.124,1.33,,,,,1.38,,
8.005013,0.083,1.6,,,,,1.13,,
12.130686,0.11,1.66,,,,,1.13,,
7.054346,0.061,1.03,,,,,0.56,,
34.989262,0.177,1.32,,,,,0.56,,
42.994,,3.5,75.5,,,,1.06,0.85,
88.505,,5.3,17.9,,,,1.06,0.85,
22.250949,0.144,2.46,,,,,0.77,,
135.498527,0.48,6.18,,,,,0.77,,
4.081423,0.044,0.93,,,,,0.61,,
11.419412,0.087,1.01,,,,,0.61,,
6.83437001,,0.88,,,,,0.67,0.72,2.34
14.425281,0.103,0.96,,,,,0.68,,
26.67569,0.155,1.43,,,,,0.68,,
58.034616,0.261,1.89,,,,,0.68,,
3.21346,0.0456,4.002,24.472,0,,1650,1.49,1.22,4.5
6.87349,0.08,13.11,699.2,0,,1620,2.13,1.48,2.8
9.024389,0.087,1.65,,,,,1.15,,
17.340824,0.134,1.49,,,,,1.15,,
14.383035,0.122,1.71,,,,,1.33,,
47.318218,0.269,2.15,,,,,1.33,,
184.256405,,2.27,,,,,1.29,1.17,3.39
4.028751,0.051,1.22,,,,,1.26,,
6.124821,0.068,1.56,,,,,1.26,,
8.921099,0.087,1.38,,,,,1.26,,
11.242861,0.102,1.46,,,,,1.26,,
7.031462,0.076,1.25,,,,,1.33,,
54.280749,0.297,1.75,,,,,1.33,,
13.61159129,,1.42,,,,,1.45,1.25,3.09
11.829851,0.102,1.27,,,,,0.88,,
14.751166,0.118,1.72,,,,,0.88,,
10.613839,0.095,2.08,,,,,0.89,,
29.726682,0.188,4.66,,,,,0.89,,
2.42629,,1.43,6.35,,,,1.07,1.07,5.84
4.62332,,0.85,2.71,,,,1.07,1.07,5.84
0.66931,,1.07,3.2,,,,1.01,1,7.47
3000,,,4000,,,,1.01,1,7.47
2.46502,,0.82,5,,,,1.23,1.08,6.68
68.9584,,1.19,22,,,,0.89,0.92,6.8
1.8555582,0.03101,14.46,177.98,0,,1790,1.29,1.15,4.4
17.833648,0.1226,2.838,,0.17,,,1.35,1.21,2.76
3.005156,0.0375,2.401,25.6,0.146,,1138,0.82,0.87,0.212
7.834435,0.0739,4.421,26.4,0.108,,838,0.82,0.87,0.212
58.02035,0.279,3.319,15.2,0.128,,410,0.82,0.87,0.212
31.509728,0.186,,10.8,0.016,,503,0.82,0.87,0.212
1.7208604,0.02897,15.031,299.07803,,,1850,1.29,1.17,
66.262,0.3553,4.347,67,0.1181,,,0.78,0.82,
4.7,,1.71,3.5,,,,0.95,0.89,
7.171,,3.01,29.9,,,,0.95,0.89,
4.176,,1.21,119.9,,,,0.64,0.67,
8.708,,,,,,,0.64,0.67,
6.319,,2.48,58.2,,,,1.07,1,
12.209,,,,,,,1.07,1,
12.331,,2.31,11,,,,0.81,0.9,
15.943,,,,,,,0.81,0.9,
86.67856,,13.45,349.6,0.2,,,1.09,0.98,7
69.7546,0.37,10.8,794.5,0.833,,,1.74,1.39,
675.47,1.68,,2320.1,0.184,,,1.74,1.39,
1.2137672,0.0116,0.78,,,,519,0.17,0.13,4.5
0.45328509,0.006,0.73,,,,720,0.17,0.13,4.5
1.865169,0.0154,0.57,,,,450,0.17,0.13,4.5
704.1984,1.219,4.16,,0.041,,185,0.76,0.79,4
7.8914483,0.082,12.89,136.66,,,,1.24,1.15,
2.6843285,0.03585,13.361,189.101,0.019,,1605,0.95,0.85,11
3.3118644,0.044,9.98,327.35,,,,0.94,1.01,
223.3,0.73,,2215.18,,,,0.94,1.01,
3.79701816,0.0464,10.962,79.45,0.33,,1070,0.86,0.93,5
3.21751883,0.0414,12.22,108.06,0.18,,1300,0.92,0.91,6
10.290994,0.091,13.79,92.17,0.57,,1100,1.35,0.96,7
3.52563254,0.0433,12.11,403.63,0.22,,1070,0.8,0.87,5
3.0240949,0.046,13.664,1026.5909,,,1620,1.42,1.32,
35.968,0.2244,3.25,,,,667,1.49,1.17,
110.979,0.4757,1.75,,,,458,1.49,1.17,
6.803,0.0719,0.764,,,,1032,1.09,1.07,
8.703,0.0847,0.668,,,,951,1.09,1.07,
11.922,0.1045,1.11,,,,856,1.09,1.07,
52.501129,0.301,12.834,1719.4603,0.5134,,,4.06,1.32,4.2
406.2,,,772.3269,0.498,,,4.06,1.32,4.2
5.33408384,0.0679,16.25,896.24,0.119,,1776,2.26,1.46,2.67
12.8747099,0.1143,12.67,908.96,0.131,,1000,1.38,1.2,4
8.6001536,0.0948,22.31,266.97,0.114,,1729,3.21,1.54,2.25
64.00205,0.339,2.73,,0.19,1.69,,0.7,0.73,3
16.79713874,,2.33,,,,,0.71,0.75,4.07
66.65062,0.288,2.14,,0.02,2.15,,0.68,0.71,2.9
35.23319,0.166,1.12,,0.03,1.4,,0.52,0.54,4.4
178.1396,0.563,2.24,,0.03,1.83,,0.87,0.88,7.2
3.2467293,0.0446,12.22,317.82,0.066,,1544,1.35,1.12,5.8
101.11141,0.242,1.86,,0.34,1.2,,0.56,0.57,1.3
207.2482,0.64,1.64,,0.1,0.21,,0.55,0.57,1.9
112.3053,0.409,1.34,,0.04,0.66,,0.6,0.61,2.9
177.6693,0.495,2.33,,0.11,0.86,,0.71,0.74,3.2
3.6001053,0.04178,0.403,,0.16,,,0.75,0.76,11.23
4.5458841,0.04881,0.497,,0.31,,,0.75,0.76,11.23
6.189392,0.06,0.53,,0.18,,,0.75,0.76,11.23
7.743493,0.0696,0.546,,0.1,,,0.75,0.76,11.23
9.740486,0.0811,0.741,,0.29,,,0.75,0.76,11.23
2.984151,,1.58,,0,,,0.21,0.18,
4.871229,,2.51,,0,,,0.21,0.18,
8.15275,,1.25,,0,,,0.21,0.18,
1.565409,,1.5,,0,,,0.24,0.22,
3.036179,,1.11,,0,,,0.24,0.22,
5.148921,,1.35,,0,,,0.24,0.22,
7.79430132,0.0769,18.49,435.41,0.123,,,1.05,1,
2500,4.2,,6992.26,0.65,,,1.4,1.5,
12.58242,,2.056,,0.03,,,,,
33.6727,,2.764,,0.05,,,,,
2.455239,0.03,10.76,160.497,0.11,,1000,0.55,0.59,0.5
28.454851,,6.14,,0.02,,,1.64,1.19,
15.413135,,2.62,,0.02,,,1.64,1.19,
7.51464,,0.837,,0.14,,,1.64,1.19,
384.843,1.046,1.63,,,1.1,265,1.11,1.04,6
240.503,0.7903,6.204,16,0.0359,,,0.83,0.94,2.49
10.57,,2.354,6.05338,0,,,1.05,0.85,
523.9,,,1417.5218,0.0214,,,1.07,1.03,5.25
20.74028413,,4.2,,,,,2.22,1.15,
33.60134,0.1968,9.057,1907,0.01,,543,0.94,0.9,9.7
57.011,0.2799,,119.499,0.0146,,455,0.94,0.9,9.7
6.766589,0.067,1.64,,,,,0.79,,
220.1303357,,5.52,,,,,1.26,1.17,3.16
8.31378306,,2.58,,,,,0.91,0.98,2.51
84.6866,,3,53.9,0.042,,,1.57,1.59,0.5
207.62,,4,6,0.11,,,1.57,1.59,0.5
8.98101683,,3.05,,,,,0.9,0.87,7.41
7.25696522,,3.3,,,,,1.59,1.21,4.9
9.94067247,,2.95,,,,,1.29,1.23,2.19
51.07926307,,2.85,,,,,1.05,1.04,3.47
3.70921385,,1.25,,,,,1.05,1.04,3.47
24.99324193,,2.25,,,,,1.37,1.05,8.13
38.47875707,,13.34,,,,,0.87,0.96,2
49.4643,0.2877,3.05,2.07,0.021,,,0.94,0.96,
303.227,0.9638,4.65,3.17,0.044,,,0.94,0.96,
187.366,0.6992,7.04,19.02,0.024,,,0.94,0.96,
24.66919569,,14.44,,,,,1.66,1.4,1.86
5.01423457,,14.96,,,,,1.8,1.49,1.58
4.17625551,,3.22,,,,,0.78,0.85,2.69
14.55731705,,4.08,,,,,1.34,1.06,6.92
5.66067294,,3.06,,,,,1.08,0.99,6.76
3.10550819,,2.49,,,,,0.79,0.86,2.69
14.00640607,,3.08,,,,,1.09,1.03,5.37
11.11990653,,2.07,,,,,0.79,0.87,2.09
13.2217576,,2.71,,,,,0.8,0.85,4.9
12.49341307,,2.12,,,,,0.81,0.86,4.27
4.778,,1.88,3.94,,,,0.89,0.88,3.14
9.67395,,2.71,14.61,,,,0.89,0.88,3.14
42.8961,,2.04,7.93,,,,0.89,0.88,3.14
982,,,657,,,,0.89,0.88,3.14
4.9195838,,2.78,,,,,1.34,1.25,2.34
10.06082567,,2.5,,,,,1.09,1.01,6.17
56.35418576,,2.36,,,,,0.72,0.75,6.03
30.229104,,3.21,,,,,1.47,1.28,2.63
10.04556931,,2.28,,,,,0.87,0.96,1.48
3.2432598,,14.41,,,,,1.09,1.07,3.72
30.36044667,,11,,,,,0.75,0.79,4.47
15.3587684,,11.42,,,,,0.88,0.91,5.62
38.6519976,,2.68,,,,,0.88,0.91,5.62
3.12082923,,15.79,,,,,1.09,1.07,3.47
17.27629612,,7.72,,,,,0.76,0.82,3.31
7.2037945,,2.72,311.46,,,,0.53,0.55,
10.9129343,,2.55,228.83,,,,0.53,0.55,
2.576549,0.031,1.6,,,,,0.56,,
18.596108,0.116,1.56,,,,,0.56,,
3.26869515,,11.65,,,,,1.12,1.08,3.47
4.22538451,,8.92,,,,,1.03,1.04,4.47
11.72012266,,9.59,,,,,0.91,0.94,4.57
3.00387658,,15.13,,,,,1.54,1.36,2
8.02511821,,7.14,,,,,1.26,1.1,4.79
3.41303622,,5.23,,,,,0.83,0.86,4.37
8.30864937,,2.32,,,,,0.82,0.86,4.57
3.57320367,,6.04,,,,,1.11,1.09,3.55
9.61375356,,3.03,,,,,0.96,0.98,3.89
5.63252845,,2.17,,,,,0.83,0.87,4.57
3.5484657,0.0538,15.984,670.93913,,,1750,1.79,1.37,
7.81254,0.077,1.71,,,,,1.58,1.24,3.8
9.37647,0.087,2.17,,,,,1.58,1.24,3.8
8.5083244,,2.58,,,,,1.03,1.02,4.37
5.64067757,,4.3,,,,,1.04,1.03,3.31
4.28686431,,4.77,,,,,1.22,1.15,3.09
9.54927542,,1.59,,,,,0.33,0.33,4.17
27.52197994,,2.6,,,,,0.53,0.55,3.16
6.8834055,,2.73,,,,,1.19,1.19,1.74
3.56809693,,1.3,,,,,1.32,1.16,3.8
25.30889748,,1.64,,,,,1.25,1.16,3.55
41.74600392,,2.49,,,,,1.2,1.1,4.27
45.154,0.2514,7.1,2.1,0.04,,543,0.94,1.04,0.3
85.312,0.384,9,4,0.014,,439,0.94,1.04,0.3
130.194,0.509,9.7,7.6,0.008,,381,0.94,1.04,0.3
19.55659418,,2.47,,,,,1.41,0.91,10.47
296.637865,,6.35,,,,,1.2,1,7.94
34.43587975,,2.69,,,,,1.3,1.17,3.72
28.86235584,,2.2,,,,,1.06,1.02,5.5
5.65179605,,1.72,,,,,1.44,1.28,2.69
19.96371318,,1.46,,,,,0.83,0.9,3.39
24.85462415,,5.74,,,,,2.02,1.62,1.32
60.92832271,,2.67,,,,,0.98,0.95,6.31
8.51203588,,2.11,,,,,0.88,0.96,1.35
24.3078946,,2.1,,,,,0.8,0.89,1.91
7.8773565,,2.1,2765,,,,0.52,0.54,
16.3850021,,1.84,3308.41,,,,0.52,0.54,
36.445171,0.182,1.95,,,,,0.56,,
19.67416124,,1.66,,,,,1.09,1.1,2.04
5.21104261,,1.07,,,,,1.09,1.1,2.04
22.20813214,,3.18,,,,,1.46,1.34,1.78
38.58422849,,6.91,,,,,1.98,1.54,1.7
5.83598311,,1.96,,,,,0.86,0.93,2.45
7.97419807,,1.91,,,,,1.1,1.09,3.02
1.88897906,,0.96,,,,,1.1,1.09,3.02
18.68404933,,2.63,,,,,1.15,0.95,10.47
5.45849832,,1.99,,,,,1.14,1.15,2.14
13.28535633,,2.84,,,,,1.45,1.28,2.4
19.78297415,,2.08,,,,,1.06,1.01,5.5
1.98035766,,1.86,,,,,1.14,1.07,3.98
12.8345022,,2,,,,,1.14,1.07,3.98
18.6489525,,2.89,5851,,,,0.89,0.98,
38.5583038,,3.17,5002.43,,,,0.89,0.98,
9.751962,0.091,2.12,,,,,0.96,,
39.30941904,,3.01,,,,,0.89,0.97,1.78
29.88485741,,2.78,,,,,0.75,0.78,7.76
12.92491623,,2.57,,,,,0.79,0.87,2
28.51120525,,3.38,,,,,0.72,0.78,3.24
15.95994513,,2.24,,,,,0.98,1.05,1.58
4.90332155,,2.36,,,,,1.27,1.18,3.24
1.8270823,,3.1,,,,,0.89,0.92,4.79
3.24755522,,1.41,,,,,0.99,1.07,1.45
81.73778,0.4669,2.215,10.6,0.041,2.99,380,0.87,0.89,5.3
125.63243,0.4988,8.373,308.2951,0.39,,388,0.95,1.05,
1000,2.42,,762.792,0.5,,253,0.95,1.05,
8.0109434,,2.1,292.39,,,,0.5,0.51,
12.0717249,,1.23,117.59,,,,0.5,0.51,
20.995694,0.126,1.53,,,,,0.55,,
172.7049784,,2.71,,,,,1.08,1.02,4.9
5.08005848,,3.36,,,,,2.06,1.41,3.09
13.14497566,,1.57,,,,,0.9,0.93,4.57
13.89961966,,2.5,,,,,0.67,0.7,5.75
21.41616926,,2.12,,,,,1.22,1.16,2.63
13.24934059,,2.69,,,,,1.07,1.04,4.47
4.14702026,,7,,,,,1.15,1.11,3.31
6.01038429,,4,,,,,0.73,0.78,2.88
4.45419434,,11.99,,,,,0.9,0.93,4.37
42.9495649,,2.57,,,,,0.84,0.88,4.57
117.040498,,2.93,,,,,0.84,0.88,4.57
27.9481449,,2.43,473.55,,,,0.58,0.62,
42.1516418,,2.21,352.78,,,,0.58,0.62,
2.211099,0.029,1.59,,,,,0.62,,
4.617534,0.048,1.55,,,,,0.62,,
10.198545,0.081,1.59,,,,,0.62,,
8.60010411,,4.42,,,,,0.83,0.87,4.68
12.3764661,,2.73,,,,,0.63,0.65,3.8
5.26341577,,3.95,,,,,1.04,1.03,3.89
4.03046804,,4.63,,,,,0.85,0.92,2.88
328.2399546,,11.2,,,,,0.85,0.92,2.88
1.90220856,,4.29,,,,,0.92,0.93,5.62
16.21775407,,2.83,,,,,1.04,1.03,3.89
11.72292176,,2.24,,,,,0.98,1,4.17
3.70598955,,2.67,,,,,1.16,1.11,3.24
29.00790538,,2.37,,,,,0.81,0.85,4.47
17.58752333,,3.61,,,,,0.95,0.96,4.37
10.5016,0.1028,6.51,22.1,,,,4.23,1.32,3.5
21.40239,0.1652,9.8,181,,,,4.23,1.32,3.5
1002,2.16,,1784,0.2,,,4.22,,
18.47764449,,1.72,,,,,0.33,0.34,4.07
58.3620495,,6.96,,,,,0.94,0.96,4.27
5.35016198,,2.68,,,,,0.94,0.96,4.27
18.00931444,,5.21,,,,,0.9,0.93,4.57
22.18432708,,3.09,,,,,0.77,0.8,5.37
3.75083228,,4.63,,,,,0.92,0.95,4.27
4.24374723,,3.64,,,,,0.95,0.98,4.07
18.42794624,,2.15,,,,,0.79,0.83,4.57
16.54297375,,2.25,,,,,0.79,0.84,4.68
11.02347475,,2.26,,,,,0.53,0.55,5.89
34.18890521,,3.16,,,,,0.93,0.95,4.9
5.7293196,,2.19,5994.02,,,,0.73,0.83,
11.6092567,,1.55,2208.83,,,,0.73,0.83,
4.301662,,2.45,,,,,0.9,0.93,5.01
4.79859939,,2.64,,,,,0.9,0.93,4.68
17.20523483,,2.58,,,,,0.79,0.83,4.68
22.18329658,,2.79,,,,,1.02,0.99,5.89
7.65880414,,2.39,,,,,0.91,0.95,4.17
9.37891944,,2.39,,,,,0.95,0.97,3.98
29.91136794,,3.27,,,,,0.97,0.99,4.47
25.69578251,,2.55,,,,,0.73,0.78,3.8
1.6168837,,2,,,,,0.83,0.87,4.68
9.66857723,,2,,,,,0.96,0.99,4.07
10.2184954,,2.78,441.77,,,,1.03,0.95,
15.5741568,,2.86,696.02,,,,1.03,0.95,
40.101371,0.236,2.94,,,,,1.13,,
8.22241966,,2.57,,,,,0.64,0.67,3.47
40.6069821,,2.63,,,,,1,1,4.07
18.49235668,,3.68,,,,,0.91,0.93,4.47
6.5100253,,2.28,,,,,0.91,0.94,4.47
35.1810304,,4.21,,,,,1.24,1.17,2.88
2.75235975,,2.83,,,,,0.93,0.96,3.63
2.10472218,,2.79,,,,,0.92,0.94,4.17
10.94027841,,2.23,,,,,0.89,0.92,4.79
4.22162536,,2.63,,,,,1,1.01,4.07
16.54964934,,2.27,,,,,0.83,0.88,4.47
11.8681707,,1.1,651.52,,,,0.94,1.04,
17.9801235,,1.98,435.41,,,,0.94,1.04,
5.85296257,,4.02,,,,,1.15,1.1,3.55
81.1694299,,3.39,,,,,0.94,0.97,4.17
2.82019241,,2.39,,,,,1.04,1.04,3.89
21.21708973,,2.87,,,,,1.1,1.08,3.63
13.64618192,,2.18,,,,,0.87,0.91,4.27
25.3029092,,3.708,17.4,,,,0.82,0.93,
12.38602,,1.009,3.3,,,,0.82,0.93,
21.30022655,,3.46,,,,,1.32,1.21,2.69
13.02365861,,2.37,,,,,0.95,0.97,4.27
3.70175428,,1.5,,,,,0.86,0.87,7.59
86.4945,,3.024,,,,,0.9,0.9,
15.65562652,,2.84,,,,,0.79,0.83,5.01
3.2346996,0.04852,14.617,212.31044,,,1460,1.39,1.21,
7.1334,,1.71,4.19,,318,,1.26,1.04,
8.9187,,1.9,3.85,,236,,1.26,1.04,
11.8981,,1.99,4.16,,161,,1.26,1.04,
23.67517607,,2.9,,,,,0.81,0.84,4.57
5.37886844,,1.9,,,,,0.79,0.85,4.07
15.28469497,,2.09,,,,,1.13,1.08,3.16
21.05358596,,2.65,,,,,1.01,1.01,4.37
127.9075774,,6.5,,,,,1.01,1.01,4.37
6.2171292,,1.32,,,,,1.01,1.01,4.37
25.85501786,,2.59,,,,,1.03,1.02,3.72
3.38353807,,1.44,,,,,0.88,0.91,4.47
2.35895152,,0.86,,,,,0.88,0.91,4.47
24.31575992,,3.31,,,,,1.22,1.13,2.88
0.6381632,,0.87,,,,,0.8,0.84,4.9
6.41251504,,3.64,,,,,1.01,1,3.8
6.52121067,,3.35,,,,,1.14,1.09,3.72
59.87756,,2.15,,0.25,,273,0.62,0.64,1
6.99692655,,4.19,,,,,1.13,1.1,3.55
151.86392,,3.3,,,,,1.13,1.1,3.55
2.4370333,,1.65,,,,,1.01,1.01,4.47
3.72215641,,2.84,,,,,0.96,0.98,4.47
15.77979614,,2.29,,,,,0.96,0.98,4.27
14.03491514,,2.39,,,,,0.81,0.85,4.79
10.35584657,,1.74,,,,,0.69,0.73,3.72
9.99761851,,2.43,,,,,0.97,0.98,3.89
90.4113556,,3.41,,,,,0.97,0.98,3.89
1.68269615,,1.32,,,,,0.48,0.51,3.98
3.59576964,,2.6,,,,,1.08,1.05,4.27
5.4042722,,3.16,,,,,1.11,1.09,3.47
1.20846503,,1.69,,,,,1.11,1.09,3.47
5.714932,0.0553,1.31,9,,,750,0.64,0.69,7
12.4417,0.0929,0.54,4,,,578,0.64,0.69,7
18.16406,0.12,1.95,14,,,510,0.64,0.69,7
122.3874,0.427,1.61,36,,,270,0.64,0.69,7
267.291,0.718,1.41,35,,,208,0.64,0.69,7
12.91375431,,3.32,,,,,1.22,1.15,3.02
2.62811375,,2.3,,,,,0.68,0.72,3.63
14.28226676,,2.13,,,,,0.61,0.64,3.47
9.07097734,,3.01,,,,,0.86,0.9,4.47
14.58649607,,2.31,,,,,1.18,1.1,3.72
7.75192492,,1.99,,,,,0.96,1.04,1.51
4.1653651,,1.05,,,,,0.96,1.04,1.51
14.48585199,,2.29,,,,,1.05,1.01,5.37
40.6994443,,3.73,,,,,1.49,1.3,2.24
15.4580567,,8.4,,,,,1.28,1,8.71
7.2385854,,1.38,,,,,0.84,0.93,1.91
9.4341505,0.08,6.11,120,0.45,,,0.9,0.98,0.21
161.4743937,,3.18,,,,,1.04,1.02,4.47
17.97979059,,2.9,,,,,1.33,1.24,2.51
30.99660733,,2.21,,,,,0.84,0.91,3.02
8.50340718,,1.63,,,,,1.15,1.02,6.03
5.16950177,,1.89,,,,,1.24,1.03,5.37
23.44971004,,2.64,,,,,1.51,1.33,2.34
16.08066115,,4.45,,,,,0.8,0.85,5.01
23.20584623,,4.75,,,,,2.56,1.64,2.19
6.07972888,,1.83,,,,,0.93,0.88,11.75
10.21420496,,2.38,,,,,1.29,1.14,4.37
22.24813967,,2.56,,,,,0.94,1.01,2.09
9.48961571,,1.85,,,,,1.13,1.02,7.08
4.41745855,,2.9,,,,,1.66,1.4,1.95
16.33889626,,10.16,,,,,2.52,1,12.02
3.1739171,,3.15,,,,,1.81,1.49,1.62
3.27582262,,2.1,,,,,1.21,1.13,2.95
15.87364565,,1.99,,,,,0.91,0.93,4.57
16.2254649,,1.17,,,,,1.07,1.03,4.27
29.6663,,4.001,,,,,1.55,1.07,
17.4211749,,3.22,,,,,0.98,1.05,1.82
29.90722674,,2.26,,,,,0.94,0.97,2.95
2.15491,0.035,1.42,,,,,1.41,1.25,2.9
5.859944,0.068,2.58,,,,,1.41,1.25,2.9
8.13123,0.084,1.52,,,,,1.41,1.25,2.9
258.8,,,260,0.283,,,1.44,1.25,
3.03214559,,2.96,,,,,1.35,1.08,6.46
21.38521506,,2.37,,,,,0.87,0.92,3.55
4.18200253,,2.49,,,,,0.88,0.97,1.48
14.70748976,,1.95,,,,,1.19,1.02,7.76
0.90037648,,0.78,,,,,1.19,1.02,7.76
13.72465129,,2.07,,,,,1.11,1.04,5.37
46.4063358,,2.71,,,,,1.24,1.15,3.39
1.26025909,,3.12,,,,,0.82,0.86,4.37
24.54350418,,3.52,,,,,1.01,1.01,4.17
1.28707676,,1.63,,,,,0.6,0.63,3.09
17.671796,,2.5,,,,,0.74,0.79,3.24
17.815815,0.1352,2.8,,,,,0.97,1.04,1
9.27358194,,2.57,,,,,0.71,0.75,4.57
6.02930132,,3.07,,,,,0.67,0.7,4.27
21.67697486,,2.18,,,,,0.74,0.79,3.63
4.99678284,,2.6,,,,,0.82,0.86,4.57
2.52559332,,2.66,,,,,1.02,1.01,4.68
16.01310205,,2.6,,,,,0.74,0.79,4.68
4.49876092,,2.4,,,,,1.05,1.03,3.8
41.43962808,,4.73,,,,,0.87,0.91,4.68
8.35390639,,2.7,,,,,0.82,0.87,3.89
4.12554687,,4.83,,,,,1.2,1.15,3.16
15.7259,0.1171,2.94,,,,,0.78,0.86,1
2.81650485,,13.18,,,,,0.99,0.99,4.79
4.28095859,,2.69,,,,,0.95,0.97,4.47
38.3774623,,2.5,,,,,0.92,0.95,4.07
3.72873109,,6.54,,,,,0.84,0.88,4.47
2.24338185,,1.69,,,,,0.57,0.6,3.31
2.33743801,,2.44,,,,,0.75,0.79,4.68
11.59822172,,3.04,,,,,0.49,0.51,4.27
6.57531678,,5.38,,,,,0.99,1,4.57
7.27503724,,5.14,,,,,0.91,0.94,4.47
12.39358604,,3.01,,,,,0.84,0.87,4.47
5.3988,,,7.65,0,,,1.26,1.06,
9.6051,,,2.04,0,,,1.26,1.06,
634.6,,,244.7291,0.112,,,1.26,1.06,
3.68992629,,2.42,,,,,1.11,1.08,3.72
26.39435646,,3.08,,,,,0.76,0.8,5.01
12.61190667,,7.37,,,,,0.89,0.92,3.98
2.53918318,,1.97,,,,,0.95,0.96,4.37
6.77030201,,3.36,,,,,0.86,0.89,4.37
1.6255222,,10.58,,,,,1.16,1.11,3.39
1.59474546,,12.15,,,,,0.92,0.94,4.47
20.50586978,,3.52,,,,,0.73,0.77,5.5
3.89593684,,9.76,,,,,0.96,0.98,4.27
22.36656079,,2.89,,,,,0.88,0.91,4.57
13.722341,0.094,2.24,,0.16,,779,0.93,0.81,
242.4613,0.64,1.71,,0.14,,299,0.93,0.81,
7.74809437,,5.95,,,,,1.16,1.11,3.55
8.114379,,2.09,,,,,0.5,0.53,3.98
21.81293494,,3.11,,,,,0.86,0.9,4.68
15.37563332,,10.18,,,,,0.72,0.76,4.47
6.36584161,,2.8,,,,,0.95,0.97,4.07
3.04033042,,9.21,,,,,0.8,0.84,4.47
4.19042557,,6.14,,,,,1.08,1.06,3.98
3.70987065,,4.13,,,,,0.88,0.92,4.37
16.32976218,,3.68,,,,,0.91,0.94,4.27
27.80756293,,14.11,,,,,0.78,0.81,4.57
4.8854892,0.06067,18.181,140.16303,,,1630,1.97,1.36,
80.8720639,,5.99,,,,,0.96,0.98,4.37
10.35533177,,2.84,,,,,0.84,0.88,4.47
10.52629406,,9.17,,,,,0.86,0.9,4.47
4.58352176,,8.2,,,,,1.27,1.18,2.69
3.76182115,,2.61,,,,,0.96,0.97,5.13
56.0560538,,2.11,,,,,0.51,0.53,3.89
41.40831347,,13.17,,,,,0.84,0.87,4.79
2.23749275,,1.33,,,,,0.76,0.8,4.9
3.16789194,,2.93,,,,,0.96,0.97,4.37
16.08524954,,2.92,,,,,0.77,0.8,4.9
4.34728553,,1.88,,,,,0.91,0.94,4.17
23.58914398,,3.41,,,,,0.8,0.84,4.37
21.02247699,,3.41,,,,,0.78,0.84,3.31
226.89047,,4.85,,,,,0.78,0.84,3.31
7.411141,,2.48,,,,,0.99,0.98,3.8
8.09888799,,9.67,,,,,1.12,1.09,3.55
10.00652995,,3.75,,,,,1.04,1.04,3.98
10.37168453,,2.9,,,,,0.78,0.83,4.57
3.96999,,1.393,,,,,0.74,0.83,
4.40840023,,2.42,,,,,0.85,0.88,4.37
2.0523499,,16.56,,,,,1.3,1.18,2.57
5.00731778,,8.52,,,,,0.98,0.99,3.98
4.70832654,,8.41,,,,,0.92,0.95,3.63
5.39202539,,2.64,,,,,0.78,0.82,4.9
4.09357325,,2.63,,,,,1.05,1.03,4.37
105.144749,,2.82,,,,,1.05,1.03,4.37
4.08227507,,12.19,,,,,0.89,0.92,4.57
3.31494634,,3.29,,,,,0.86,0.9,4.37
39.64317811,,10.63,,,,,0.84,0.88,4.37
21.80451088,,3.26,,,,,0.85,0.88,4.47
5.15448442,,2.53,,,,,0.86,0.89,4.79
5.74347727,,3.34,,,,,0.93,0.95,4.07
3.16635371,,3.58,,,,,0.91,0.94,4.27
6.49168281,0.0694,12.33,,,,1219,1.41,1.05,9.5
2.85188338,0.03997,1.569,,,,1607,1.41,1.05,9.5
3.85560355,,13.88,,,,,1.06,1.03,3.8
9.46781405,,2.18,,,,,0.46,0.49,4.47
0.89304124,,1.27,,,,,0.46,0.49,4.47
20.83424726,,2.82,,,,,0.86,0.9,4.27
6.10485286,,3.56,,,,,0.78,0.85,2.34
11.51516988,,2.95,,,,,0.8,0.85,4.37
3.60147201,,2.93,,,,,0.81,0.86,4.27
28.59915399,,1.96,,,,,0.48,0.51,3.89
24.58721573,,2.5,,,,,0.82,0.86,4.57
12.53248465,,3.32,,,,,0.9,0.93,4.27
7.340711,0.0781,10.76,200.22,0,,1078,1.12,1.18,0.8
3.58410122,,4.57,,,,,0.87,0.91,4.79
7.03902374,,2.97,,,,,1.24,1.16,3.16
8.36086824,,3.24,,,,,0.71,0.76,2.57
3.17926292,,1.21,,,,,0.85,0.94,1.86
12.06222443,,1.62,,,,,0.93,0.94,5.13
9.93143556,,2.16,,,,,1.04,1.04,4.07
3.48159251,,1.11,,,,,0.93,0.91,8.71
35.61760587,,5.27,,,,,0.78,0.82,4.79
7.40742793,,2.52,,,,,1.1,1.07,3.72
17.31716585,,3.1,,,,,0.75,0.79,4.57
8.8849116,0.0818,11.77,3209.9,0.57,,767,0.89,0.91,6.2
9.42887179,,3.07,,,,,1.23,1.15,3.09
4.08899022,,1.62,,,,,1.23,1.15,3.09
17.44490636,,2.46,,,,,0.84,0.87,4.47
18.82747265,,2.81,,,,,0.83,0.87,4.07
5.74772501,,1.91,,,,,0.65,0.68,3.63
14.5596237,,2.01,,,,,1.08,1.06,3.8
1.26909037,,1.76,,,,,0.77,0.82,4.9
2.85313364,,1.26,,,,,0.77,0.82,4.9
1.22486632,,1.12,,,,,0.79,0.82,4.47
1.02267882,,1.36,,,,,1.13,1.08,3.31
12.1097104,,2.48,,,,,1.42,1.16,3.8
4.75793986,,1.69,,,,,1.42,1.16,3.8
20.4966197,,2.12,,,,,1.42,1.16,3.8
8.1934719,,1.53,,,,,1.42,1.16,3.8
41.805985,,2.27,,,,,1.04,1.04,3.89
1.5449298,0.0274,15.244,638.8383,,,2140,1.32,1.2,
8.70419416,,3.06,,,,,0.85,0.89,4.57
2.46697439,,1.48,,,,,0.85,0.89,4.57
10.12804789,,2.03,,,,,0.93,0.95,4.07
3.7705521,,12.68,,,,,1.08,1.06,3.8
1.19655156,,1.22,,,,,0.8,0.84,4.79
7.33683936,,1.64,,,,,0.89,0.92,4.17
27.6655226,,2.43,,,,,1.06,1.05,3.72
6.10027804,,3.39,,,,,1.15,1.1,3.63
161.5280101,,6.64,,,,,0.94,0.96,4.07
11.3910025,,1.79,,,,,0.78,0.82,4.57
7.42608998,,2.92,,,,,1.28,1.19,2.88
15.9870174,,1.79,,,,,1.28,1.19,2.88
3.57878087,0.04501,10.761,136.661,0,,1440,0.99,0.95,7.5
18.92540274,,2.3,,,,,0.92,0.94,4.57
1.47532231,,1.2,,,,,0.92,0.94,4.57
4.15244722,,1.4,,,,,0.92,0.94,4.57
8.73485836,,1.82,,,,,1.05,1.03,3.72
12.99207337,,1.82,,,,,1.11,0.98,8.13
3.74910006,,1.43,,,,,1.01,1.04,2.82
11.0895723,,3.17,,,,,2.42,1.57,2.14
0.97486893,,1.19,,,,,0.84,0.92,1.86
4.89718784,,1.28,,,,,0.78,0.83,4.37
5.72812599,,1.47,,,,,0.56,0.58,3.16
3.75574426,,1.68,,,,,0.77,0.81,5.25
7.09714223,,0.92,,,,,0.44,0.46,3.89
0.35500744,,1.121,1.96716,,,,0.75,0.84,
0.67737516,,0.89,,,,,1.02,1.01,4.9
13.2140732,,2.89,,,,,0.78,0.81,4.9
158.6853308,,3.21,,,,,1.01,0.98,5.25
4.29264638,,0.78,,,,,0.89,0.93,3.89
7.05395,,2.332,,,,,0.87,0.94,
31.5922646,,1.58,,,,,1.32,1,9.12
1.97376093,,13.02,,,,,0.71,0.77,2.82
53.5293487,,2.43,,,,,0.74,0.81,2.51
0.9283105,,1.28,,,,,0.62,0.65,3.39
8.39846269,,2.55,,,,,1.23,1.16,3.02
8.63847725,,2.12,,,,,1.02,1.01,3.72
13.4845,0.117,3.47,10.9,0.015,,,1.3,1.17,3.44
27.4029,0.187,3.72,5.9,0.03,,,1.3,1.17,3.44
52.0902,0.287,7.16,6,0.025,,,1.3,1.17,3.44
81.0659,0.386,3.49,4.1,0.012,,,1.3,1.17,3.44
13.73469807,,2.18,,,,,0.8,0.84,4.9
14.5539759,,3.05,,,,,1.47,1.3,2.24
11.30119217,,1.96,,,,,1.12,1.09,3.39
4.24153639,,1.37,,,,,0.97,0.98,4.27
11.13125132,,2.11,,,,,1.38,1.19,4.07
29.6193421,,1.68,,,,,0.96,0.94,6.46
6.40087618,,1.3,,,,,1.09,0.93,11.75
27.07237711,,2.17,,,,,0.95,0.96,3.89
13.71933369,,2.39,,,,,1.29,1.19,2.82
133.4605235,,6.88,,,,,0.93,0.95,3.98
3.5224991,0.0474,15.872,187.5197,,,1680,1.49,1.21,
7.05246,0.0648,2.67,6.93,,,,0.68,0.73,2
9.52355,0.0792,2.74,6.74,,,,0.68,0.73,2
3.07222,0.0372,1.53,6.75,,,,0.68,0.73,2
4.64489,0.0491,1.6,4.13,,,,0.68,0.73,2
0.9867873,0.0175,1.21,,,,,0.68,0.73,2
14.64558,,1.13,,,,418,0.68,0.83,
14.13176026,,2.85,,,,,0.82,0.85,4.68
11.41928253,,2,,,,,0.63,0.67,3.55
40.0587473,,3.54,,,,,0.9,0.93,4.68
50.28638192,,3.79,,,,,1.12,1.05,4.9
14.37457351,,1.94,,,,,1.05,1.01,5.25
9.65185017,,1.14,,,,,1.05,1.01,5.25
30.8638931,,2.89,,,,,1.65,1.19,4.27
8.09219642,,1.14,,,,,1.16,0.99,7.76
117.9310878,,10.42,,,,,1.06,1.04,3.72
0.63133235,,1.46,,,,,0.71,0.76,1.95
55.63934,,3.01,,,,,0.98,0.99,4.37
5.955,,2.42,,,,,0.59,0.64,
12.04,,2.37,,,,,0.59,0.64,
20.837846,0.128,1.21,,,,,0.59,,
4.59725385,,1.93,,,,,1.04,1.03,4.17
23.58447697,,2.7,,,,,1.24,1.01,7.94
10.11716531,,3.55,,,,,1.71,1.45,1.66
19.12947337,,2.14,,,,,0.93,0.95,3.98
6.1469851,,2.12,,,,,1.22,1.15,3.02
8.57503552,,4.11,,,,,3.42,1.25,4.9
10.50682565,,10.24,,,,,0.85,0.9,4.17
3.99010623,,9.03,,,,,1.03,1.03,3.55
10.03538581,,5.11,,,,,0.92,0.94,3.98
33.1995648,,2.76,,,,,0.81,0.86,4.47
26.44,0.1683,4.07,12.15,0.0033,,,0.9,0.91,
51.54,0.2626,5.34,13.9,0.007,,,0.9,0.91,
2.382961,0.034,1.77,,,,,0.94,,
5.902206,0.063,2.47,,,,,0.94,,
75.732,0.3395,,20.9,0.0014,,,0.9,0.91,
127.8338098,,6.09,,,,,1.36,1.23,2.63
1.92279873,,1.31,,,,,0.8,0.84,4.79
3.22296927,,1.77,,,,,1.08,1.06,3.55
4.16809082,,1.57,,,,,0.96,0.98,4.47
4.51436633,,1.87,,,,,1.22,1.15,3.31
3.77360059,,1.53,,,,,1.08,1.03,3.55
8.1818246,,1.84,,,,,1.08,1.03,3.55
4.48758907,,1.25,,,,,1.15,1.05,4.37
51.92927591,,5.63,,,,,0.91,0.93,4.37
0.56785714,,1.51,,,,,0.77,0.81,4.57
6.88337562,,2.11,,,,,0.97,0.98,4.68
9.77,,2.83,,,,,0.61,0.66,
20.09,,2.36,,,,,0.61,0.66,
5.169796,0.051,1.94,,,,,0.59,,
11.29695137,,1.7,,,,,1.11,1.07,3.47
5.62153941,,1.27,,,,,0.97,0.99,4.17
7.1396941,,2.06,,,,,0.9,0.92,4.37
18.7546998,,2.02,,,,,0.62,0.64,3.72
13.32388301,,2.02,,,,,0.66,0.7,2.69
11.41909375,,2.79,,,,,1.11,1.08,3.63
11.36112327,,2.73,,,,,1.04,1.03,4.27
16.56059504,,2.56,,,,,0.81,0.85,3.98
15.74957994,,2.73,,,,,0.96,0.98,4.17
37.8144514,,2.57,,,,,1.31,1.22,2.82
8.726,,2.23,,,,,1.43,1,
12.883,,2.36,,,,,1.43,1,
4.224537,0.052,1.38,,,,,1.17,,
27.434389,0.181,2.6,,,,,1.17,,
44.552169,0.25,2.2,,,,,1.17,,
2.49577962,,17.07,,,,,1.06,1.04,3.89
124.4198398,,5.23,,,,,0.81,0.85,4.47
1.21956827,,1.6,,,,,0.73,0.78,4.37
2.05387982,,2.59,,,,,1.03,1.02,4.17
2.61302086,,1.68,,,,,0.57,0.59,3.8
0.92785982,,2.04,,,,,0.75,0.79,4.79
19.80792185,,2.48,,,,,0.91,0.94,4.37
2.3432319,,1.18,,,,,0.77,0.83,3.89
6.91134416,,1.7,,,,,1.2,1.01,8.32
394.6244904,,7.14,,,,,1.64,1.23,3.98
8.306,,1.97,,,,,1.24,0.92,
12.513,,2.18,,,,,1.24,0.92,
17.91323,0.13,1.2,,,,,0.89,,
25.216751,0.163,1.27,,,,,0.89,,
7.19303878,,1.78,,,,,1.09,1.06,3.89
8.50699658,,1.68,,,,,0.85,0.89,4.47
44.9309804,,2.54,,,,,1.16,1.19,1.48
7.16892463,,1.69,,,,,1.55,1.3,2.69
2.14463285,,16.72,,,,,1.27,1.17,3.02
7.8866311,,8.35,,,,,1.03,1.03,4.17
8.02768059,,9.3,,,,,0.93,0.96,4.27
85.35129427,,6.8,,,,,0.99,0.99,4.27
76.13602028,,4.87,,,,,0.91,0.96,3.39
20.38177573,,3.09,,,,,0.77,0.81,4.57
5.10137945,,3.24,,,,,1.06,1.04,4.27
3.94963138,,2.28,,,,,0.78,0.82,4.47
3.14866453,,2.21,,,,,0.84,0.88,4.79
15.59461874,,2.9,,,,,0.95,0.96,3.8
5.83376092,,2.4,,,,,1,1,4.68
14.16399294,,2.49,,,,,0.92,0.93,4.27
2.61703254,,1.63,,,,,0.71,0.75,4.27
150.242127,,4.64,,,,,0.91,0.92,5.89
5.03251791,,2.05,,,,,0.89,0.93,3.89
40.4287755,,3.61,,,,,0.95,0.97,4.79
114.73635,0.481,13.49,324.2,0.036,,478,1.82,1.1,7.5
191.2318,0.676,6.14,6.4,0.039,,403,1.82,1.1,7.5
21.3587621,,2.78,,,,,1.02,1.01,3.8
22.0459018,,3.74,,,,,1.14,1.11,3.47
2.57885507,,1.99,,,,,1.08,1.05,4.17
20.5533844,,3.75,,,,,1.27,1.18,2.95
40.0686727,,3.94,,,,,1.13,1.09,3.31
27.5073799,,2.9,,,,,1.11,1.06,3.39
5.14438011,,1.43,,,,,0.77,0.81,5.25
18.45847097,,2.12,,,,,0.81,0.85,4.57
25.9422033,,1.93,,,,,0.77,0.81,4.57
33.3855938,,2.57,,,,,1.02,1.02,4.27
1403,,,965.147,0.41,,,0.9,0.99,
7.71468975,,2.66,,,,,1.74,1.46,1.66
4.44448017,,1.78,,,,,1.09,1.06,3.8
3.98953967,,1.23,,,,,0.87,0.9,4.57
12.98495573,,1.78,,,,,1.09,1.06,3.02
5.69919514,,1.23,,,,,0.94,1,2.45
18.11472949,,2.5,,,,,1.35,1.21,3.16
6.24146367,,1.52,,,,,1.16,1.1,3.39
20.42228798,,1.84,,,,,1.29,1.19,3.09
7.63846023,,1.13,,,,,1.29,1.19,3.09
70.6979061,,1.76,,,,,0.9,0.97,1.48
3.744439,,1.09,,,,,1.25,1.14,3.98
52.75875577,,8.89,,,,,1.13,1.09,3.63
53.44945593,,6.41,,,,,1.07,1.06,3.55
13.7521072,,2.81,,,,,0.72,0.75,5.01
6.33855761,,3.03,,,,,0.99,1,3.8
9.803224,,2.78,,,,,0.85,0.87,4.27
2.80624233,,1.54,,,,,0.61,0.65,2.63
144.547396,,2.53,,,,,0.81,0.84,5.01
8.0472642,,2.39,,,,,1.04,1.03,4.37
5.8706191,,1.49,,,,,0.62,0.65,3.98
19.17891293,,2.68,,,,,0.91,0.93,4.07
19.23891,0.143,8.29,43.4,0.0609,,,0.96,1.02,2
38.9853,0.227,8.08,29.9,0.06691,,,0.96,1.02,2
1.592851,0.0273,1.64,,,,2026,1.02,1.07,1
14.44912,,1.32,,,,709,1.29,1.12,
6.9913086,,2.08,,,,,0.73,0.78,4.57
3.51749439,,1.37,,,,,0.57,0.59,3.8
40.1099547,,2.54,,,,,0.93,0.95,4.37
10.3507721,,2.01,,,,,0.97,0.98,4.79
62.9228557,,2.53,,,,,0.97,0.98,4.79
3.02166863,,1.77,,,,,1.25,1.16,3.02
5.08274652,,1.41,,,,,0.86,0.95,1.66
41.6979976,,2.11,,,,,1.02,1.06,1.86
15.86621821,,1.2,,,,,1.38,1.08,5.37
1.34059747,,1.22,,,,,1.12,1.11,3.02
13.93290318,,1.47,,,,,1.23,1.17,2.88
6.24658,0.0731,15.323,257.4423,,,2040,6.3,1.31,
2.36436901,,0.82,,,,,1.5,1.26,3.39
20.310501,,2.6,,,,,1.99,1.34,3.55
2.53475627,,2.8,,,,,1.11,1.07,3.16
10.29672521,,2.06,,,,,0.61,0.63,5.62
4.40966548,,1.38,,,,,1.15,1.1,3.98
4.59489604,,1.5,,,,,1.38,1.21,3.39
32.2968798,,1.76,,,,,0.81,0.85,4.79
2.97041437,,1.91,,,,,0.76,0.8,4.17
4.85386933,,1.74,,,,,1.14,1.11,3.24
11.04603384,,2.25,,,,,1.21,1.15,3.02
13.749,,3.51,64.3,,,,1.7,1.21,
26.723,,2.6,6.1,,,,1.7,1.21,
49.3568,,2.067,,0.07,,,1.82,1.07,
6.53192704,,2.42,,,,,0.85,0.89,4.37
100.8274113,,3.8,,,,,0.85,0.89,4.37
51.300634,,2.87,,,,,0.91,0.93,4.27
0.93846683,,1.42,,,,,0.93,0.95,4.37
6.93366476,,1.38,,,,,1.26,1.11,4.68
61.0370117,,3.07,,,,,1.23,1.14,3.09
33.8678531,,2.34,,,,,0.72,0.77,2.57
52.0688601,,2.31,,,,,1.01,1.01,4.37
9.1149903,,1.72,,,,,0.99,0.99,4.37
3.9324613,,1.59,,,,,0.7,0.73,4.37
0.92103214,,1.11,,,,,1.02,1.01,3.47
4.72674,,1.569,4.54426,0,,,0.98,1.09,
1460,,,954,,,,0.92,0.91,5.05
71.4517775,,2.13,,,,,1.4,1.25,2.34
8.03755877,,1.33,,,,,0.81,0.86,4.68
1.9214374,,1.37,,,,,0.84,0.87,4.68
14.20443009,,2.46,,,,,0.84,0.87,4.68
55.6738309,,2.09,,,,,0.77,0.81,4.47
4.88083852,,1.35,,,,,0.73,0.78,3.8
10.56134221,,1.45,,,,,0.89,0.92,4.57
67.668827,,3.72,,,,,1.22,1.15,3.24
153.343364,,2.67,,,,,1.22,1.15,3.24
52.6298417,,2.22,,,,,0.89,0.92,4.27
14.878296,,1.75,,,,,0.85,0.88,4.47
2.50806,,3.51,10.84,,,,0.76,0.81,1.41
820.3,,,3126,,,,0.76,0.81,1.41
59.6225257,,3.34,,,,,0.96,0.97,3.63
17.42395198,,3.08,,,,,0.86,0.89,4.07
44.96417488,,2.13,,,,,0.75,0.81,4.17
49.7701438,,5.93,,,,,0.91,0.93,4.27
43.3167737,,2.63,,,,,0.83,0.86,4.47
31.0033814,,2.63,,,,,0.97,0.97,4.47
11.79162572,,1.93,,,,,0.93,0.94,4.17
26.9644317,,2.28,,,,,0.87,0.9,4.27
7.76846622,,1.85,,,,,0.94,0.96,4.17
8.6893073,,2.91,,,,,0.86,0.89,4.57
11.5231,,3.42,13,,,,1.41,1.08,5.63
98.7180406,,8.98,,,,,1.02,1.02,3.8
71.52530845,,5.59,,,,,0.73,0.77,4.27
130.3546919,,7.65,,,,,0.99,1,4.27
88.40655258,,4.21,,,,,0.99,0.95,8.71
9.10967112,,1.19,,,,,0.99,0.95,8.71
16.78176602,,2.32,,,,,0.76,0.82,3.39
14.53244172,,3.13,,,,,0.84,0.89,4.37
5.24867263,,3,,,,,1.15,1.1,3.47
5.90741354,,5.5,,,,,0.75,0.81,2.75
9.7678805,,2.06,,,,,0.86,0.91,4.37
14.80074836,,4.38,,,,,2.01,1.6,1.35
16.2385,,2.67,8.46,,,,1.02,1,2.34
3.12686223,,2.29,,,,,0.72,0.77,3.63
16.87727414,,2.55,,,,,0.9,0.96,2.82
12.05707239,,1.97,,,,,0.86,0.93,2.4
9.97683705,,2.66,,,,,0.87,0.91,4.07
13.5225106,,2.12,,,,,0.84,0.93,1.91
134.2527298,,3.38,,,,,1.15,1.05,5.5
99.747622,,4.13,,,,,1.02,1.02,4.07
13.22713379,,2.35,,,,,0.8,0.84,5.89
198.7112502,,3.65,,,,,0.8,0.84,5.89
3.69298373,,2,,,,,0.7,0.76,2.14
5.70940492,,1.69,,,,,0.7,0.76,2.14
34.1731714,,2.07,,,,,0.82,0.92,1.51
1.6829346,,0.99,,,,,0.82,0.92,1.51
2.58664,,1.48,3.51,,,,0.98,0.94,8.42
789,,,344,,,,0.98,0.94,8.42
16.73652231,,2.77,,,,,0.67,0.7,4.68
9.59070716,,2.13,,,,,0.85,0.88,4.47
7.03932553,,4.65,,,,,1.22,1.15,2.82
49.6077331,,1.96,,,,,0.78,0.86,2.29
4.19449651,,1.57,,,,,0.5,0.52,4.37
1.97034246,,1.48,,,,,0.75,0.8,3.89
105.9564148,,3.96,,,,,0.83,0.87,4.68
26.85328322,,2.62,,,,,0.83,0.87,4.57
49.6221509,,2.99,,,,,1.09,1.07,3.63
8.0880135,,2.72,,,,,0.83,0.87,4.57
1.54168,,1.99,3.55,,,,1.11,0.99,2.79
11.55102504,,2.67,,,,,1.06,1.05,3.55
4.46975774,,2.31,,,,,0.96,0.98,4.07
15.7738221,,2.25,,,,,1.29,1.16,3.55
60.0855082,,2.36,,,,,1.08,1.13,1.41
43.0342272,,2.12,,,,,0.93,0.96,3.98
116.331901,,2.98,,,,,0.85,0.91,3.39
56.4349938,,2.36,,,,,0.98,0.96,6.17
105.3033148,,3.26,,,,,0.91,0.97,2.45
17.76080053,,2.07,,,,,0.53,0.55,3.16
7.96431535,,2.21,,,,,0.78,0.82,4.68
4.60358,,1.48,6.15,,,,0.73,0.79,1.47
9.91723428,,2.6,,,,,1.08,1.05,3.55
0.53835431,,1.53,,,,,1.08,1.05,3.55
82.5342519,,2.54,,,,,0.61,0.64,3.47
20.16034462,,1.62,,,,,0.74,0.8,3.02
22.08557563,,2.97,,,,,0.54,0.57,3.89
1.15116651,,1.6,,,,,0.54,0.56,3.24
28.26731672,,2.7,,,,,0.8,0.83,5.01
3.77059058,,1.98,,,,,1.14,1.09,3.63
2.70730672,,1.36,,,,,1.56,1.22,3.63
5.65377733,,2.32,,,,,1.18,1.12,3.31
5.99185702,,2.34,,,,,1.65,1.29,3.09